id,image,points
1,train/images/conic_00001.png,train/points/conic_00001.npy
2,train/images/conic_00002.png,train/points/conic_00002.npy
3,train/images/conic_00003.png,train/points/conic_00003.npy
4,train/images/conic_00004.png,train/points/conic_00004.npy
5,train/images/conic_00005.png,train/points/conic_00005.npy
6,train/images/conic_00006.png,train/points/conic_00006.npy
9,train/images/conic_00009.png,train/points/conic_00009.npy
11,train/images/conic_00011.png,train/points/conic_00011.npy
12,train/images/conic_00012.png,train/points/conic_00012.npy
13,train/images/conic_00013.png,train/points/conic_00013.npy
14,train/images/conic_00014.png,train/points/conic_00014.npy
16,train/images/conic_00016.png,train/points/conic_00016.npy
17,train/images/conic_00017.png,train/points/conic_00017.npy
19,train/images/conic_00019.png,train/points/conic_00019.npy
21,train/images/conic_00021.png,train/points/conic_00021.npy
22,train/images/conic_00022.png,train/points/conic_00022.npy
23,train/images/conic_00023.png,train/points/conic_00023.npy
24,train/images/conic_00024.png,train/points/conic_00024.npy
25,train/images/conic_00025.png,train/points/conic_00025.npy
26,train/images/conic_00026.png,train/points/conic_00026.npy
27,train/images/conic_00027.png,train/points/conic_00027.npy
28,train/images/conic_00028.png,train/points/conic_00028.npy
29,train/images/conic_00029.png,train/points/conic_00029.npy
31,train/images/conic_00031.png,train/points/conic_00031.npy
33,train/images/conic_00033.png,train/points/conic_00033.npy
34,train/images/conic_00034.png,train/points/conic_00034.npy
37,train/images/conic_00037.png,train/points/conic_00037.npy
38,train/images/conic_00038.png,train/points/conic_00038.npy
39,train/images/conic_00039.png,train/points/conic_00039.npy
40,train/images/conic_00040.png,train/points/conic_00040.npy
44,train/images/conic_00044.png,train/points/conic_00044.npy
45,train/images/conic_00045.png,train/points/conic_00045.npy
46,train/images/conic_00046.png,train/points/conic_00046.npy
48,train/images/conic_00048.png,train/points/conic_00048.npy
50,train/images/conic_00050.png,train/points/conic_00050.npy
53,train/images/conic_00053.png,train/points/conic_00053.npy
54,train/images/conic_00054.png,train/points/conic_00054.npy
55,train/images/conic_00055.png,train/points/conic_00055.npy
57,train/images/conic_00057.png,train/points/conic_00057.npy
58,train/images/conic_00058.png,train/points/conic_00058.npy
59,train/images/conic_00059.png,train/points/conic_00059.npy
60,train/images/conic_00060.png,train/points/conic_00060.npy
62,train/images/conic_00062.png,train/points/conic_00062.npy
63,train/images/conic_00063.png,train/points/conic_00063.npy
64,train/images/conic_00064.png,train/points/conic_00064.npy
66,train/images/conic_00066.png,train/points/conic_00066.npy
67,train/images/conic_00067.png,train/points/conic_00067.npy
68,train/images/conic_00068.png,train/points/conic_00068.npy
70,train/images/conic_00070.png,train/points/conic_00070.npy
72,train/images/conic_00072.png,train/points/conic_00072.npy
74,train/images/conic_00074.png,train/points/conic_00074.npy
75,train/images/conic_00075.png,train/points/conic_00075.npy
76,train/images/conic_00076.png,train/points/conic_00076.npy
77,train/images/conic_00077.png,train/points/conic_00077.npy
79,train/images/conic_00079.png,train/points/conic_00079.npy
81,train/images/conic_00081.png,train/points/conic_00081.npy
82,train/images/conic_00082.png,train/points/conic_00082.npy
83,train/images/conic_00083.png,train/points/conic_00083.npy
85,train/images/conic_00085.png,train/points/conic_00085.npy
87,train/images/conic_00087.png,train/points/conic_00087.npy
89,train/images/conic_00089.png,train/points/conic_00089.npy
90,train/images/conic_00090.png,train/points/conic_00090.npy
91,train/images/conic_00091.png,train/points/conic_00091.npy
93,train/images/conic_00093.png,train/points/conic_00093.npy
94,train/images/conic_00094.png,train/points/conic_00094.npy
99,train/images/conic_00099.png,train/points/conic_00099.npy
100,train/images/conic_00100.png,train/points/conic_00100.npy
102,train/images/conic_00102.png,train/points/conic_00102.npy
103,train/images/conic_00103.png,train/points/conic_00103.npy
105,train/images/conic_00105.png,train/points/conic_00105.npy
106,train/images/conic_00106.png,train/points/conic_00106.npy
107,train/images/conic_00107.png,train/points/conic_00107.npy
109,train/images/conic_00109.png,train/points/conic_00109.npy
111,train/images/conic_00111.png,train/points/conic_00111.npy
112,train/images/conic_00112.png,train/points/conic_00112.npy
113,train/images/conic_00113.png,train/points/conic_00113.npy
114,train/images/conic_00114.png,train/points/conic_00114.npy
115,train/images/conic_00115.png,train/points/conic_00115.npy
116,train/images/conic_00116.png,train/points/conic_00116.npy
118,train/images/conic_00118.png,train/points/conic_00118.npy
119,train/images/conic_00119.png,train/points/conic_00119.npy
120,train/images/conic_00120.png,train/points/conic_00120.npy
121,train/images/conic_00121.png,train/points/conic_00121.npy
122,train/images/conic_00122.png,train/points/conic_00122.npy
123,train/images/conic_00123.png,train/points/conic_00123.npy
124,train/images/conic_00124.png,train/points/conic_00124.npy
125,train/images/conic_00125.png,train/points/conic_00125.npy
126,train/images/conic_00126.png,train/points/conic_00126.npy
127,train/images/conic_00127.png,train/points/conic_00127.npy
128,train/images/conic_00128.png,train/points/conic_00128.npy
129,train/images/conic_00129.png,train/points/conic_00129.npy
130,train/images/conic_00130.png,train/points/conic_00130.npy
131,train/images/conic_00131.png,train/points/conic_00131.npy
132,train/images/conic_00132.png,train/points/conic_00132.npy
133,train/images/conic_00133.png,train/points/conic_00133.npy
134,train/images/conic_00134.png,train/points/conic_00134.npy
135,train/images/conic_00135.png,train/points/conic_00135.npy
136,train/images/conic_00136.png,train/points/conic_00136.npy
137,train/images/conic_00137.png,train/points/conic_00137.npy
138,train/images/conic_00138.png,train/points/conic_00138.npy
140,train/images/conic_00140.png,train/points/conic_00140.npy
141,train/images/conic_00141.png,train/points/conic_00141.npy
142,train/images/conic_00142.png,train/points/conic_00142.npy
145,train/images/conic_00145.png,train/points/conic_00145.npy
147,train/images/conic_00147.png,train/points/conic_00147.npy
148,train/images/conic_00148.png,train/points/conic_00148.npy
149,train/images/conic_00149.png,train/points/conic_00149.npy
151,train/images/conic_00151.png,train/points/conic_00151.npy
152,train/images/conic_00152.png,train/points/conic_00152.npy
153,train/images/conic_00153.png,train/points/conic_00153.npy
154,train/images/conic_00154.png,train/points/conic_00154.npy
156,train/images/conic_00156.png,train/points/conic_00156.npy
157,train/images/conic_00157.png,train/points/conic_00157.npy
158,train/images/conic_00158.png,train/points/conic_00158.npy
159,train/images/conic_00159.png,train/points/conic_00159.npy
160,train/images/conic_00160.png,train/points/conic_00160.npy
161,train/images/conic_00161.png,train/points/conic_00161.npy
164,train/images/conic_00164.png,train/points/conic_00164.npy
166,train/images/conic_00166.png,train/points/conic_00166.npy
168,train/images/conic_00168.png,train/points/conic_00168.npy
169,train/images/conic_00169.png,train/points/conic_00169.npy
171,train/images/conic_00171.png,train/points/conic_00171.npy
172,train/images/conic_00172.png,train/points/conic_00172.npy
173,train/images/conic_00173.png,train/points/conic_00173.npy
174,train/images/conic_00174.png,train/points/conic_00174.npy
175,train/images/conic_00175.png,train/points/conic_00175.npy
176,train/images/conic_00176.png,train/points/conic_00176.npy
177,train/images/conic_00177.png,train/points/conic_00177.npy
178,train/images/conic_00178.png,train/points/conic_00178.npy
179,train/images/conic_00179.png,train/points/conic_00179.npy
181,train/images/conic_00181.png,train/points/conic_00181.npy
182,train/images/conic_00182.png,train/points/conic_00182.npy
183,train/images/conic_00183.png,train/points/conic_00183.npy
184,train/images/conic_00184.png,train/points/conic_00184.npy
185,train/images/conic_00185.png,train/points/conic_00185.npy
186,train/images/conic_00186.png,train/points/conic_00186.npy
187,train/images/conic_00187.png,train/points/conic_00187.npy
188,train/images/conic_00188.png,train/points/conic_00188.npy
190,train/images/conic_00190.png,train/points/conic_00190.npy
191,train/images/conic_00191.png,train/points/conic_00191.npy
192,train/images/conic_00192.png,train/points/conic_00192.npy
193,train/images/conic_00193.png,train/points/conic_00193.npy
194,train/images/conic_00194.png,train/points/conic_00194.npy
195,train/images/conic_00195.png,train/points/conic_00195.npy
198,train/images/conic_00198.png,train/points/conic_00198.npy
199,train/images/conic_00199.png,train/points/conic_00199.npy
200,train/images/conic_00200.png,train/points/conic_00200.npy
201,train/images/conic_00201.png,train/points/conic_00201.npy
203,train/images/conic_00203.png,train/points/conic_00203.npy
204,train/images/conic_00204.png,train/points/conic_00204.npy
205,train/images/conic_00205.png,train/points/conic_00205.npy
207,train/images/conic_00207.png,train/points/conic_00207.npy
208,train/images/conic_00208.png,train/points/conic_00208.npy
209,train/images/conic_00209.png,train/points/conic_00209.npy
210,train/images/conic_00210.png,train/points/conic_00210.npy
211,train/images/conic_00211.png,train/points/conic_00211.npy
212,train/images/conic_00212.png,train/points/conic_00212.npy
213,train/images/conic_00213.png,train/points/conic_00213.npy
214,train/images/conic_00214.png,train/points/conic_00214.npy
215,train/images/conic_00215.png,train/points/conic_00215.npy
216,train/images/conic_00216.png,train/points/conic_00216.npy
217,train/images/conic_00217.png,train/points/conic_00217.npy
218,train/images/conic_00218.png,train/points/conic_00218.npy
219,train/images/conic_00219.png,train/points/conic_00219.npy
220,train/images/conic_00220.png,train/points/conic_00220.npy
222,train/images/conic_00222.png,train/points/conic_00222.npy
223,train/images/conic_00223.png,train/points/conic_00223.npy
224,train/images/conic_00224.png,train/points/conic_00224.npy
226,train/images/conic_00226.png,train/points/conic_00226.npy
227,train/images/conic_00227.png,train/points/conic_00227.npy
229,train/images/conic_00229.png,train/points/conic_00229.npy
230,train/images/conic_00230.png,train/points/conic_00230.npy
231,train/images/conic_00231.png,train/points/conic_00231.npy
233,train/images/conic_00233.png,train/points/conic_00233.npy
234,train/images/conic_00234.png,train/points/conic_00234.npy
235,train/images/conic_00235.png,train/points/conic_00235.npy
236,train/images/conic_00236.png,train/points/conic_00236.npy
237,train/images/conic_00237.png,train/points/conic_00237.npy
239,train/images/conic_00239.png,train/points/conic_00239.npy
240,train/images/conic_00240.png,train/points/conic_00240.npy
241,train/images/conic_00241.png,train/points/conic_00241.npy
242,train/images/conic_00242.png,train/points/conic_00242.npy
244,train/images/conic_00244.png,train/points/conic_00244.npy
245,train/images/conic_00245.png,train/points/conic_00245.npy
246,train/images/conic_00246.png,train/points/conic_00246.npy
247,train/images/conic_00247.png,train/points/conic_00247.npy
248,train/images/conic_00248.png,train/points/conic_00248.npy
249,train/images/conic_00249.png,train/points/conic_00249.npy
250,train/images/conic_00250.png,train/points/conic_00250.npy
252,train/images/conic_00252.png,train/points/conic_00252.npy
253,train/images/conic_00253.png,train/points/conic_00253.npy
254,train/images/conic_00254.png,train/points/conic_00254.npy
255,train/images/conic_00255.png,train/points/conic_00255.npy
257,train/images/conic_00257.png,train/points/conic_00257.npy
258,train/images/conic_00258.png,train/points/conic_00258.npy
259,train/images/conic_00259.png,train/points/conic_00259.npy
260,train/images/conic_00260.png,train/points/conic_00260.npy
261,train/images/conic_00261.png,train/points/conic_00261.npy
262,train/images/conic_00262.png,train/points/conic_00262.npy
263,train/images/conic_00263.png,train/points/conic_00263.npy
265,train/images/conic_00265.png,train/points/conic_00265.npy
267,train/images/conic_00267.png,train/points/conic_00267.npy
269,train/images/conic_00269.png,train/points/conic_00269.npy
270,train/images/conic_00270.png,train/points/conic_00270.npy
271,train/images/conic_00271.png,train/points/conic_00271.npy
272,train/images/conic_00272.png,train/points/conic_00272.npy
273,train/images/conic_00273.png,train/points/conic_00273.npy
274,train/images/conic_00274.png,train/points/conic_00274.npy
275,train/images/conic_00275.png,train/points/conic_00275.npy
276,train/images/conic_00276.png,train/points/conic_00276.npy
277,train/images/conic_00277.png,train/points/conic_00277.npy
278,train/images/conic_00278.png,train/points/conic_00278.npy
279,train/images/conic_00279.png,train/points/conic_00279.npy
280,train/images/conic_00280.png,train/points/conic_00280.npy
281,train/images/conic_00281.png,train/points/conic_00281.npy
282,train/images/conic_00282.png,train/points/conic_00282.npy
284,train/images/conic_00284.png,train/points/conic_00284.npy
285,train/images/conic_00285.png,train/points/conic_00285.npy
286,train/images/conic_00286.png,train/points/conic_00286.npy
287,train/images/conic_00287.png,train/points/conic_00287.npy
289,train/images/conic_00289.png,train/points/conic_00289.npy
290,train/images/conic_00290.png,train/points/conic_00290.npy
291,train/images/conic_00291.png,train/points/conic_00291.npy
292,train/images/conic_00292.png,train/points/conic_00292.npy
295,train/images/conic_00295.png,train/points/conic_00295.npy
298,train/images/conic_00298.png,train/points/conic_00298.npy
299,train/images/conic_00299.png,train/points/conic_00299.npy
300,train/images/conic_00300.png,train/points/conic_00300.npy
301,train/images/conic_00301.png,train/points/conic_00301.npy
302,train/images/conic_00302.png,train/points/conic_00302.npy
303,train/images/conic_00303.png,train/points/conic_00303.npy
304,train/images/conic_00304.png,train/points/conic_00304.npy
306,train/images/conic_00306.png,train/points/conic_00306.npy
307,train/images/conic_00307.png,train/points/conic_00307.npy
308,train/images/conic_00308.png,train/points/conic_00308.npy
310,train/images/conic_00310.png,train/points/conic_00310.npy
311,train/images/conic_00311.png,train/points/conic_00311.npy
312,train/images/conic_00312.png,train/points/conic_00312.npy
313,train/images/conic_00313.png,train/points/conic_00313.npy
314,train/images/conic_00314.png,train/points/conic_00314.npy
315,train/images/conic_00315.png,train/points/conic_00315.npy
316,train/images/conic_00316.png,train/points/conic_00316.npy
317,train/images/conic_00317.png,train/points/conic_00317.npy
318,train/images/conic_00318.png,train/points/conic_00318.npy
319,train/images/conic_00319.png,train/points/conic_00319.npy
321,train/images/conic_00321.png,train/points/conic_00321.npy
322,train/images/conic_00322.png,train/points/conic_00322.npy
323,train/images/conic_00323.png,train/points/conic_00323.npy
324,train/images/conic_00324.png,train/points/conic_00324.npy
325,train/images/conic_00325.png,train/points/conic_00325.npy
326,train/images/conic_00326.png,train/points/conic_00326.npy
327,train/images/conic_00327.png,train/points/conic_00327.npy
328,train/images/conic_00328.png,train/points/conic_00328.npy
329,train/images/conic_00329.png,train/points/conic_00329.npy
330,train/images/conic_00330.png,train/points/conic_00330.npy
331,train/images/conic_00331.png,train/points/conic_00331.npy
332,train/images/conic_00332.png,train/points/conic_00332.npy
333,train/images/conic_00333.png,train/points/conic_00333.npy
334,train/images/conic_00334.png,train/points/conic_00334.npy
335,train/images/conic_00335.png,train/points/conic_00335.npy
336,train/images/conic_00336.png,train/points/conic_00336.npy
338,train/images/conic_00338.png,train/points/conic_00338.npy
339,train/images/conic_00339.png,train/points/conic_00339.npy
340,train/images/conic_00340.png,train/points/conic_00340.npy
341,train/images/conic_00341.png,train/points/conic_00341.npy
342,train/images/conic_00342.png,train/points/conic_00342.npy
343,train/images/conic_00343.png,train/points/conic_00343.npy
344,train/images/conic_00344.png,train/points/conic_00344.npy
345,train/images/conic_00345.png,train/points/conic_00345.npy
347,train/images/conic_00347.png,train/points/conic_00347.npy
348,train/images/conic_00348.png,train/points/conic_00348.npy
349,train/images/conic_00349.png,train/points/conic_00349.npy
350,train/images/conic_00350.png,train/points/conic_00350.npy
351,train/images/conic_00351.png,train/points/conic_00351.npy
353,train/images/conic_00353.png,train/points/conic_00353.npy
354,train/images/conic_00354.png,train/points/conic_00354.npy
355,train/images/conic_00355.png,train/points/conic_00355.npy
356,train/images/conic_00356.png,train/points/conic_00356.npy
357,train/images/conic_00357.png,train/points/conic_00357.npy
359,train/images/conic_00359.png,train/points/conic_00359.npy
360,train/images/conic_00360.png,train/points/conic_00360.npy
361,train/images/conic_00361.png,train/points/conic_00361.npy
363,train/images/conic_00363.png,train/points/conic_00363.npy
366,train/images/conic_00366.png,train/points/conic_00366.npy
367,train/images/conic_00367.png,train/points/conic_00367.npy
368,train/images/conic_00368.png,train/points/conic_00368.npy
369,train/images/conic_00369.png,train/points/conic_00369.npy
370,train/images/conic_00370.png,train/points/conic_00370.npy
372,train/images/conic_00372.png,train/points/conic_00372.npy
373,train/images/conic_00373.png,train/points/conic_00373.npy
374,train/images/conic_00374.png,train/points/conic_00374.npy
375,train/images/conic_00375.png,train/points/conic_00375.npy
377,train/images/conic_00377.png,train/points/conic_00377.npy
378,train/images/conic_00378.png,train/points/conic_00378.npy
380,train/images/conic_00380.png,train/points/conic_00380.npy
381,train/images/conic_00381.png,train/points/conic_00381.npy
382,train/images/conic_00382.png,train/points/conic_00382.npy
383,train/images/conic_00383.png,train/points/conic_00383.npy
385,train/images/conic_00385.png,train/points/conic_00385.npy
386,train/images/conic_00386.png,train/points/conic_00386.npy
387,train/images/conic_00387.png,train/points/conic_00387.npy
389,train/images/conic_00389.png,train/points/conic_00389.npy
390,train/images/conic_00390.png,train/points/conic_00390.npy
394,train/images/conic_00394.png,train/points/conic_00394.npy
395,train/images/conic_00395.png,train/points/conic_00395.npy
396,train/images/conic_00396.png,train/points/conic_00396.npy
397,train/images/conic_00397.png,train/points/conic_00397.npy
398,train/images/conic_00398.png,train/points/conic_00398.npy
399,train/images/conic_00399.png,train/points/conic_00399.npy
400,train/images/conic_00400.png,train/points/conic_00400.npy
403,train/images/conic_00403.png,train/points/conic_00403.npy
404,train/images/conic_00404.png,train/points/conic_00404.npy
405,train/images/conic_00405.png,train/points/conic_00405.npy
406,train/images/conic_00406.png,train/points/conic_00406.npy
408,train/images/conic_00408.png,train/points/conic_00408.npy
409,train/images/conic_00409.png,train/points/conic_00409.npy
410,train/images/conic_00410.png,train/points/conic_00410.npy
411,train/images/conic_00411.png,train/points/conic_00411.npy
412,train/images/conic_00412.png,train/points/conic_00412.npy
413,train/images/conic_00413.png,train/points/conic_00413.npy
414,train/images/conic_00414.png,train/points/conic_00414.npy
415,train/images/conic_00415.png,train/points/conic_00415.npy
416,train/images/conic_00416.png,train/points/conic_00416.npy
420,train/images/conic_00420.png,train/points/conic_00420.npy
421,train/images/conic_00421.png,train/points/conic_00421.npy
422,train/images/conic_00422.png,train/points/conic_00422.npy
423,train/images/conic_00423.png,train/points/conic_00423.npy
424,train/images/conic_00424.png,train/points/conic_00424.npy
425,train/images/conic_00425.png,train/points/conic_00425.npy
426,train/images/conic_00426.png,train/points/conic_00426.npy
429,train/images/conic_00429.png,train/points/conic_00429.npy
433,train/images/conic_00433.png,train/points/conic_00433.npy
434,train/images/conic_00434.png,train/points/conic_00434.npy
436,train/images/conic_00436.png,train/points/conic_00436.npy
437,train/images/conic_00437.png,train/points/conic_00437.npy
438,train/images/conic_00438.png,train/points/conic_00438.npy
439,train/images/conic_00439.png,train/points/conic_00439.npy
440,train/images/conic_00440.png,train/points/conic_00440.npy
441,train/images/conic_00441.png,train/points/conic_00441.npy
442,train/images/conic_00442.png,train/points/conic_00442.npy
443,train/images/conic_00443.png,train/points/conic_00443.npy
444,train/images/conic_00444.png,train/points/conic_00444.npy
446,train/images/conic_00446.png,train/points/conic_00446.npy
447,train/images/conic_00447.png,train/points/conic_00447.npy
448,train/images/conic_00448.png,train/points/conic_00448.npy
449,train/images/conic_00449.png,train/points/conic_00449.npy
450,train/images/conic_00450.png,train/points/conic_00450.npy
451,train/images/conic_00451.png,train/points/conic_00451.npy
452,train/images/conic_00452.png,train/points/conic_00452.npy
454,train/images/conic_00454.png,train/points/conic_00454.npy
455,train/images/conic_00455.png,train/points/conic_00455.npy
457,train/images/conic_00457.png,train/points/conic_00457.npy
458,train/images/conic_00458.png,train/points/conic_00458.npy
459,train/images/conic_00459.png,train/points/conic_00459.npy
460,train/images/conic_00460.png,train/points/conic_00460.npy
461,train/images/conic_00461.png,train/points/conic_00461.npy
462,train/images/conic_00462.png,train/points/conic_00462.npy
463,train/images/conic_00463.png,train/points/conic_00463.npy
464,train/images/conic_00464.png,train/points/conic_00464.npy
465,train/images/conic_00465.png,train/points/conic_00465.npy
466,train/images/conic_00466.png,train/points/conic_00466.npy
467,train/images/conic_00467.png,train/points/conic_00467.npy
468,train/images/conic_00468.png,train/points/conic_00468.npy
470,train/images/conic_00470.png,train/points/conic_00470.npy
471,train/images/conic_00471.png,train/points/conic_00471.npy
474,train/images/conic_00474.png,train/points/conic_00474.npy
475,train/images/conic_00475.png,train/points/conic_00475.npy
476,train/images/conic_00476.png,train/points/conic_00476.npy
477,train/images/conic_00477.png,train/points/conic_00477.npy
478,train/images/conic_00478.png,train/points/conic_00478.npy
479,train/images/conic_00479.png,train/points/conic_00479.npy
480,train/images/conic_00480.png,train/points/conic_00480.npy
482,train/images/conic_00482.png,train/points/conic_00482.npy
484,train/images/conic_00484.png,train/points/conic_00484.npy
485,train/images/conic_00485.png,train/points/conic_00485.npy
486,train/images/conic_00486.png,train/points/conic_00486.npy
487,train/images/conic_00487.png,train/points/conic_00487.npy
488,train/images/conic_00488.png,train/points/conic_00488.npy
490,train/images/conic_00490.png,train/points/conic_00490.npy
491,train/images/conic_00491.png,train/points/conic_00491.npy
493,train/images/conic_00493.png,train/points/conic_00493.npy
495,train/images/conic_00495.png,train/points/conic_00495.npy
496,train/images/conic_00496.png,train/points/conic_00496.npy
497,train/images/conic_00497.png,train/points/conic_00497.npy
499,train/images/conic_00499.png,train/points/conic_00499.npy
500,train/images/conic_00500.png,train/points/conic_00500.npy
501,train/images/conic_00501.png,train/points/conic_00501.npy
502,train/images/conic_00502.png,train/points/conic_00502.npy
503,train/images/conic_00503.png,train/points/conic_00503.npy
505,train/images/conic_00505.png,train/points/conic_00505.npy
506,train/images/conic_00506.png,train/points/conic_00506.npy
507,train/images/conic_00507.png,train/points/conic_00507.npy
508,train/images/conic_00508.png,train/points/conic_00508.npy
509,train/images/conic_00509.png,train/points/conic_00509.npy
510,train/images/conic_00510.png,train/points/conic_00510.npy
511,train/images/conic_00511.png,train/points/conic_00511.npy
512,train/images/conic_00512.png,train/points/conic_00512.npy
513,train/images/conic_00513.png,train/points/conic_00513.npy
515,train/images/conic_00515.png,train/points/conic_00515.npy
516,train/images/conic_00516.png,train/points/conic_00516.npy
517,train/images/conic_00517.png,train/points/conic_00517.npy
519,train/images/conic_00519.png,train/points/conic_00519.npy
520,train/images/conic_00520.png,train/points/conic_00520.npy
521,train/images/conic_00521.png,train/points/conic_00521.npy
522,train/images/conic_00522.png,train/points/conic_00522.npy
523,train/images/conic_00523.png,train/points/conic_00523.npy
524,train/images/conic_00524.png,train/points/conic_00524.npy
525,train/images/conic_00525.png,train/points/conic_00525.npy
526,train/images/conic_00526.png,train/points/conic_00526.npy
527,train/images/conic_00527.png,train/points/conic_00527.npy
528,train/images/conic_00528.png,train/points/conic_00528.npy
529,train/images/conic_00529.png,train/points/conic_00529.npy
530,train/images/conic_00530.png,train/points/conic_00530.npy
531,train/images/conic_00531.png,train/points/conic_00531.npy
532,train/images/conic_00532.png,train/points/conic_00532.npy
534,train/images/conic_00534.png,train/points/conic_00534.npy
535,train/images/conic_00535.png,train/points/conic_00535.npy
536,train/images/conic_00536.png,train/points/conic_00536.npy
537,train/images/conic_00537.png,train/points/conic_00537.npy
538,train/images/conic_00538.png,train/points/conic_00538.npy
539,train/images/conic_00539.png,train/points/conic_00539.npy
540,train/images/conic_00540.png,train/points/conic_00540.npy
541,train/images/conic_00541.png,train/points/conic_00541.npy
542,train/images/conic_00542.png,train/points/conic_00542.npy
544,train/images/conic_00544.png,train/points/conic_00544.npy
545,train/images/conic_00545.png,train/points/conic_00545.npy
546,train/images/conic_00546.png,train/points/conic_00546.npy
547,train/images/conic_00547.png,train/points/conic_00547.npy
548,train/images/conic_00548.png,train/points/conic_00548.npy
549,train/images/conic_00549.png,train/points/conic_00549.npy
550,train/images/conic_00550.png,train/points/conic_00550.npy
552,train/images/conic_00552.png,train/points/conic_00552.npy
553,train/images/conic_00553.png,train/points/conic_00553.npy
554,train/images/conic_00554.png,train/points/conic_00554.npy
555,train/images/conic_00555.png,train/points/conic_00555.npy
556,train/images/conic_00556.png,train/points/conic_00556.npy
557,train/images/conic_00557.png,train/points/conic_00557.npy
560,train/images/conic_00560.png,train/points/conic_00560.npy
561,train/images/conic_00561.png,train/points/conic_00561.npy
562,train/images/conic_00562.png,train/points/conic_00562.npy
563,train/images/conic_00563.png,train/points/conic_00563.npy
564,train/images/conic_00564.png,train/points/conic_00564.npy
565,train/images/conic_00565.png,train/points/conic_00565.npy
566,train/images/conic_00566.png,train/points/conic_00566.npy
567,train/images/conic_00567.png,train/points/conic_00567.npy
568,train/images/conic_00568.png,train/points/conic_00568.npy
569,train/images/conic_00569.png,train/points/conic_00569.npy
570,train/images/conic_00570.png,train/points/conic_00570.npy
571,train/images/conic_00571.png,train/points/conic_00571.npy
572,train/images/conic_00572.png,train/points/conic_00572.npy
573,train/images/conic_00573.png,train/points/conic_00573.npy
574,train/images/conic_00574.png,train/points/conic_00574.npy
575,train/images/conic_00575.png,train/points/conic_00575.npy
576,train/images/conic_00576.png,train/points/conic_00576.npy
577,train/images/conic_00577.png,train/points/conic_00577.npy
578,train/images/conic_00578.png,train/points/conic_00578.npy
579,train/images/conic_00579.png,train/points/conic_00579.npy
580,train/images/conic_00580.png,train/points/conic_00580.npy
581,train/images/conic_00581.png,train/points/conic_00581.npy
583,train/images/conic_00583.png,train/points/conic_00583.npy
584,train/images/conic_00584.png,train/points/conic_00584.npy
586,train/images/conic_00586.png,train/points/conic_00586.npy
588,train/images/conic_00588.png,train/points/conic_00588.npy
590,train/images/conic_00590.png,train/points/conic_00590.npy
591,train/images/conic_00591.png,train/points/conic_00591.npy
592,train/images/conic_00592.png,train/points/conic_00592.npy
594,train/images/conic_00594.png,train/points/conic_00594.npy
596,train/images/conic_00596.png,train/points/conic_00596.npy
597,train/images/conic_00597.png,train/points/conic_00597.npy
598,train/images/conic_00598.png,train/points/conic_00598.npy
599,train/images/conic_00599.png,train/points/conic_00599.npy
600,train/images/conic_00600.png,train/points/conic_00600.npy
603,train/images/conic_00603.png,train/points/conic_00603.npy
604,train/images/conic_00604.png,train/points/conic_00604.npy
605,train/images/conic_00605.png,train/points/conic_00605.npy
606,train/images/conic_00606.png,train/points/conic_00606.npy
607,train/images/conic_00607.png,train/points/conic_00607.npy
608,train/images/conic_00608.png,train/points/conic_00608.npy
609,train/images/conic_00609.png,train/points/conic_00609.npy
610,train/images/conic_00610.png,train/points/conic_00610.npy
611,train/images/conic_00611.png,train/points/conic_00611.npy
612,train/images/conic_00612.png,train/points/conic_00612.npy
613,train/images/conic_00613.png,train/points/conic_00613.npy
614,train/images/conic_00614.png,train/points/conic_00614.npy
615,train/images/conic_00615.png,train/points/conic_00615.npy
616,train/images/conic_00616.png,train/points/conic_00616.npy
617,train/images/conic_00617.png,train/points/conic_00617.npy
618,train/images/conic_00618.png,train/points/conic_00618.npy
620,train/images/conic_00620.png,train/points/conic_00620.npy
622,train/images/conic_00622.png,train/points/conic_00622.npy
623,train/images/conic_00623.png,train/points/conic_00623.npy
624,train/images/conic_00624.png,train/points/conic_00624.npy
625,train/images/conic_00625.png,train/points/conic_00625.npy
626,train/images/conic_00626.png,train/points/conic_00626.npy
627,train/images/conic_00627.png,train/points/conic_00627.npy
628,train/images/conic_00628.png,train/points/conic_00628.npy
629,train/images/conic_00629.png,train/points/conic_00629.npy
631,train/images/conic_00631.png,train/points/conic_00631.npy
632,train/images/conic_00632.png,train/points/conic_00632.npy
633,train/images/conic_00633.png,train/points/conic_00633.npy
634,train/images/conic_00634.png,train/points/conic_00634.npy
635,train/images/conic_00635.png,train/points/conic_00635.npy
636,train/images/conic_00636.png,train/points/conic_00636.npy
637,train/images/conic_00637.png,train/points/conic_00637.npy
638,train/images/conic_00638.png,train/points/conic_00638.npy
641,train/images/conic_00641.png,train/points/conic_00641.npy
643,train/images/conic_00643.png,train/points/conic_00643.npy
644,train/images/conic_00644.png,train/points/conic_00644.npy
645,train/images/conic_00645.png,train/points/conic_00645.npy
646,train/images/conic_00646.png,train/points/conic_00646.npy
647,train/images/conic_00647.png,train/points/conic_00647.npy
648,train/images/conic_00648.png,train/points/conic_00648.npy
650,train/images/conic_00650.png,train/points/conic_00650.npy
651,train/images/conic_00651.png,train/points/conic_00651.npy
652,train/images/conic_00652.png,train/points/conic_00652.npy
653,train/images/conic_00653.png,train/points/conic_00653.npy
654,train/images/conic_00654.png,train/points/conic_00654.npy
655,train/images/conic_00655.png,train/points/conic_00655.npy
656,train/images/conic_00656.png,train/points/conic_00656.npy
658,train/images/conic_00658.png,train/points/conic_00658.npy
659,train/images/conic_00659.png,train/points/conic_00659.npy
660,train/images/conic_00660.png,train/points/conic_00660.npy
661,train/images/conic_00661.png,train/points/conic_00661.npy
662,train/images/conic_00662.png,train/points/conic_00662.npy
663,train/images/conic_00663.png,train/points/conic_00663.npy
664,train/images/conic_00664.png,train/points/conic_00664.npy
665,train/images/conic_00665.png,train/points/conic_00665.npy
667,train/images/conic_00667.png,train/points/conic_00667.npy
668,train/images/conic_00668.png,train/points/conic_00668.npy
669,train/images/conic_00669.png,train/points/conic_00669.npy
670,train/images/conic_00670.png,train/points/conic_00670.npy
671,train/images/conic_00671.png,train/points/conic_00671.npy
673,train/images/conic_00673.png,train/points/conic_00673.npy
674,train/images/conic_00674.png,train/points/conic_00674.npy
677,train/images/conic_00677.png,train/points/conic_00677.npy
678,train/images/conic_00678.png,train/points/conic_00678.npy
679,train/images/conic_00679.png,train/points/conic_00679.npy
680,train/images/conic_00680.png,train/points/conic_00680.npy
681,train/images/conic_00681.png,train/points/conic_00681.npy
682,train/images/conic_00682.png,train/points/conic_00682.npy
685,train/images/conic_00685.png,train/points/conic_00685.npy
686,train/images/conic_00686.png,train/points/conic_00686.npy
687,train/images/conic_00687.png,train/points/conic_00687.npy
688,train/images/conic_00688.png,train/points/conic_00688.npy
689,train/images/conic_00689.png,train/points/conic_00689.npy
690,train/images/conic_00690.png,train/points/conic_00690.npy
691,train/images/conic_00691.png,train/points/conic_00691.npy
693,train/images/conic_00693.png,train/points/conic_00693.npy
694,train/images/conic_00694.png,train/points/conic_00694.npy
696,train/images/conic_00696.png,train/points/conic_00696.npy
697,train/images/conic_00697.png,train/points/conic_00697.npy
698,train/images/conic_00698.png,train/points/conic_00698.npy
701,train/images/conic_00701.png,train/points/conic_00701.npy
702,train/images/conic_00702.png,train/points/conic_00702.npy
703,train/images/conic_00703.png,train/points/conic_00703.npy
704,train/images/conic_00704.png,train/points/conic_00704.npy
706,train/images/conic_00706.png,train/points/conic_00706.npy
707,train/images/conic_00707.png,train/points/conic_00707.npy
709,train/images/conic_00709.png,train/points/conic_00709.npy
710,train/images/conic_00710.png,train/points/conic_00710.npy
712,train/images/conic_00712.png,train/points/conic_00712.npy
713,train/images/conic_00713.png,train/points/conic_00713.npy
714,train/images/conic_00714.png,train/points/conic_00714.npy
717,train/images/conic_00717.png,train/points/conic_00717.npy
718,train/images/conic_00718.png,train/points/conic_00718.npy
719,train/images/conic_00719.png,train/points/conic_00719.npy
720,train/images/conic_00720.png,train/points/conic_00720.npy
721,train/images/conic_00721.png,train/points/conic_00721.npy
724,train/images/conic_00724.png,train/points/conic_00724.npy
725,train/images/conic_00725.png,train/points/conic_00725.npy
726,train/images/conic_00726.png,train/points/conic_00726.npy
727,train/images/conic_00727.png,train/points/conic_00727.npy
728,train/images/conic_00728.png,train/points/conic_00728.npy
731,train/images/conic_00731.png,train/points/conic_00731.npy
732,train/images/conic_00732.png,train/points/conic_00732.npy
733,train/images/conic_00733.png,train/points/conic_00733.npy
734,train/images/conic_00734.png,train/points/conic_00734.npy
735,train/images/conic_00735.png,train/points/conic_00735.npy
736,train/images/conic_00736.png,train/points/conic_00736.npy
737,train/images/conic_00737.png,train/points/conic_00737.npy
738,train/images/conic_00738.png,train/points/conic_00738.npy
739,train/images/conic_00739.png,train/points/conic_00739.npy
740,train/images/conic_00740.png,train/points/conic_00740.npy
743,train/images/conic_00743.png,train/points/conic_00743.npy
744,train/images/conic_00744.png,train/points/conic_00744.npy
745,train/images/conic_00745.png,train/points/conic_00745.npy
746,train/images/conic_00746.png,train/points/conic_00746.npy
747,train/images/conic_00747.png,train/points/conic_00747.npy
748,train/images/conic_00748.png,train/points/conic_00748.npy
749,train/images/conic_00749.png,train/points/conic_00749.npy
751,train/images/conic_00751.png,train/points/conic_00751.npy
752,train/images/conic_00752.png,train/points/conic_00752.npy
753,train/images/conic_00753.png,train/points/conic_00753.npy
754,train/images/conic_00754.png,train/points/conic_00754.npy
755,train/images/conic_00755.png,train/points/conic_00755.npy
756,train/images/conic_00756.png,train/points/conic_00756.npy
759,train/images/conic_00759.png,train/points/conic_00759.npy
760,train/images/conic_00760.png,train/points/conic_00760.npy
761,train/images/conic_00761.png,train/points/conic_00761.npy
762,train/images/conic_00762.png,train/points/conic_00762.npy
763,train/images/conic_00763.png,train/points/conic_00763.npy
764,train/images/conic_00764.png,train/points/conic_00764.npy
765,train/images/conic_00765.png,train/points/conic_00765.npy
766,train/images/conic_00766.png,train/points/conic_00766.npy
767,train/images/conic_00767.png,train/points/conic_00767.npy
768,train/images/conic_00768.png,train/points/conic_00768.npy
770,train/images/conic_00770.png,train/points/conic_00770.npy
771,train/images/conic_00771.png,train/points/conic_00771.npy
772,train/images/conic_00772.png,train/points/conic_00772.npy
777,train/images/conic_00777.png,train/points/conic_00777.npy
778,train/images/conic_00778.png,train/points/conic_00778.npy
779,train/images/conic_00779.png,train/points/conic_00779.npy
780,train/images/conic_00780.png,train/points/conic_00780.npy
781,train/images/conic_00781.png,train/points/conic_00781.npy
782,train/images/conic_00782.png,train/points/conic_00782.npy
783,train/images/conic_00783.png,train/points/conic_00783.npy
784,train/images/conic_00784.png,train/points/conic_00784.npy
785,train/images/conic_00785.png,train/points/conic_00785.npy
786,train/images/conic_00786.png,train/points/conic_00786.npy
787,train/images/conic_00787.png,train/points/conic_00787.npy
788,train/images/conic_00788.png,train/points/conic_00788.npy
789,train/images/conic_00789.png,train/points/conic_00789.npy
790,train/images/conic_00790.png,train/points/conic_00790.npy
791,train/images/conic_00791.png,train/points/conic_00791.npy
792,train/images/conic_00792.png,train/points/conic_00792.npy
794,train/images/conic_00794.png,train/points/conic_00794.npy
795,train/images/conic_00795.png,train/points/conic_00795.npy
796,train/images/conic_00796.png,train/points/conic_00796.npy
797,train/images/conic_00797.png,train/points/conic_00797.npy
800,train/images/conic_00800.png,train/points/conic_00800.npy
801,train/images/conic_00801.png,train/points/conic_00801.npy
802,train/images/conic_00802.png,train/points/conic_00802.npy
803,train/images/conic_00803.png,train/points/conic_00803.npy
804,train/images/conic_00804.png,train/points/conic_00804.npy
806,train/images/conic_00806.png,train/points/conic_00806.npy
807,train/images/conic_00807.png,train/points/conic_00807.npy
808,train/images/conic_00808.png,train/points/conic_00808.npy
810,train/images/conic_00810.png,train/points/conic_00810.npy
811,train/images/conic_00811.png,train/points/conic_00811.npy
812,train/images/conic_00812.png,train/points/conic_00812.npy
814,train/images/conic_00814.png,train/points/conic_00814.npy
815,train/images/conic_00815.png,train/points/conic_00815.npy
816,train/images/conic_00816.png,train/points/conic_00816.npy
817,train/images/conic_00817.png,train/points/conic_00817.npy
818,train/images/conic_00818.png,train/points/conic_00818.npy
819,train/images/conic_00819.png,train/points/conic_00819.npy
820,train/images/conic_00820.png,train/points/conic_00820.npy
821,train/images/conic_00821.png,train/points/conic_00821.npy
822,train/images/conic_00822.png,train/points/conic_00822.npy
823,train/images/conic_00823.png,train/points/conic_00823.npy
825,train/images/conic_00825.png,train/points/conic_00825.npy
827,train/images/conic_00827.png,train/points/conic_00827.npy
828,train/images/conic_00828.png,train/points/conic_00828.npy
829,train/images/conic_00829.png,train/points/conic_00829.npy
832,train/images/conic_00832.png,train/points/conic_00832.npy
834,train/images/conic_00834.png,train/points/conic_00834.npy
835,train/images/conic_00835.png,train/points/conic_00835.npy
837,train/images/conic_00837.png,train/points/conic_00837.npy
839,train/images/conic_00839.png,train/points/conic_00839.npy
840,train/images/conic_00840.png,train/points/conic_00840.npy
841,train/images/conic_00841.png,train/points/conic_00841.npy
842,train/images/conic_00842.png,train/points/conic_00842.npy
843,train/images/conic_00843.png,train/points/conic_00843.npy
844,train/images/conic_00844.png,train/points/conic_00844.npy
845,train/images/conic_00845.png,train/points/conic_00845.npy
847,train/images/conic_00847.png,train/points/conic_00847.npy
848,train/images/conic_00848.png,train/points/conic_00848.npy
849,train/images/conic_00849.png,train/points/conic_00849.npy
850,train/images/conic_00850.png,train/points/conic_00850.npy
851,train/images/conic_00851.png,train/points/conic_00851.npy
852,train/images/conic_00852.png,train/points/conic_00852.npy
855,train/images/conic_00855.png,train/points/conic_00855.npy
856,train/images/conic_00856.png,train/points/conic_00856.npy
858,train/images/conic_00858.png,train/points/conic_00858.npy
859,train/images/conic_00859.png,train/points/conic_00859.npy
861,train/images/conic_00861.png,train/points/conic_00861.npy
862,train/images/conic_00862.png,train/points/conic_00862.npy
863,train/images/conic_00863.png,train/points/conic_00863.npy
864,train/images/conic_00864.png,train/points/conic_00864.npy
865,train/images/conic_00865.png,train/points/conic_00865.npy
866,train/images/conic_00866.png,train/points/conic_00866.npy
867,train/images/conic_00867.png,train/points/conic_00867.npy
868,train/images/conic_00868.png,train/points/conic_00868.npy
870,train/images/conic_00870.png,train/points/conic_00870.npy
871,train/images/conic_00871.png,train/points/conic_00871.npy
873,train/images/conic_00873.png,train/points/conic_00873.npy
876,train/images/conic_00876.png,train/points/conic_00876.npy
877,train/images/conic_00877.png,train/points/conic_00877.npy
878,train/images/conic_00878.png,train/points/conic_00878.npy
879,train/images/conic_00879.png,train/points/conic_00879.npy
880,train/images/conic_00880.png,train/points/conic_00880.npy
881,train/images/conic_00881.png,train/points/conic_00881.npy
882,train/images/conic_00882.png,train/points/conic_00882.npy
883,train/images/conic_00883.png,train/points/conic_00883.npy
884,train/images/conic_00884.png,train/points/conic_00884.npy
885,train/images/conic_00885.png,train/points/conic_00885.npy
887,train/images/conic_00887.png,train/points/conic_00887.npy
888,train/images/conic_00888.png,train/points/conic_00888.npy
889,train/images/conic_00889.png,train/points/conic_00889.npy
890,train/images/conic_00890.png,train/points/conic_00890.npy
892,train/images/conic_00892.png,train/points/conic_00892.npy
894,train/images/conic_00894.png,train/points/conic_00894.npy
895,train/images/conic_00895.png,train/points/conic_00895.npy
897,train/images/conic_00897.png,train/points/conic_00897.npy
898,train/images/conic_00898.png,train/points/conic_00898.npy
899,train/images/conic_00899.png,train/points/conic_00899.npy
901,train/images/conic_00901.png,train/points/conic_00901.npy
903,train/images/conic_00903.png,train/points/conic_00903.npy
904,train/images/conic_00904.png,train/points/conic_00904.npy
905,train/images/conic_00905.png,train/points/conic_00905.npy
906,train/images/conic_00906.png,train/points/conic_00906.npy
907,train/images/conic_00907.png,train/points/conic_00907.npy
908,train/images/conic_00908.png,train/points/conic_00908.npy
909,train/images/conic_00909.png,train/points/conic_00909.npy
911,train/images/conic_00911.png,train/points/conic_00911.npy
912,train/images/conic_00912.png,train/points/conic_00912.npy
913,train/images/conic_00913.png,train/points/conic_00913.npy
916,train/images/conic_00916.png,train/points/conic_00916.npy
918,train/images/conic_00918.png,train/points/conic_00918.npy
919,train/images/conic_00919.png,train/points/conic_00919.npy
920,train/images/conic_00920.png,train/points/conic_00920.npy
921,train/images/conic_00921.png,train/points/conic_00921.npy
923,train/images/conic_00923.png,train/points/conic_00923.npy
924,train/images/conic_00924.png,train/points/conic_00924.npy
925,train/images/conic_00925.png,train/points/conic_00925.npy
926,train/images/conic_00926.png,train/points/conic_00926.npy
927,train/images/conic_00927.png,train/points/conic_00927.npy
928,train/images/conic_00928.png,train/points/conic_00928.npy
929,train/images/conic_00929.png,train/points/conic_00929.npy
931,train/images/conic_00931.png,train/points/conic_00931.npy
932,train/images/conic_00932.png,train/points/conic_00932.npy
934,train/images/conic_00934.png,train/points/conic_00934.npy
935,train/images/conic_00935.png,train/points/conic_00935.npy
936,train/images/conic_00936.png,train/points/conic_00936.npy
937,train/images/conic_00937.png,train/points/conic_00937.npy
938,train/images/conic_00938.png,train/points/conic_00938.npy
939,train/images/conic_00939.png,train/points/conic_00939.npy
940,train/images/conic_00940.png,train/points/conic_00940.npy
941,train/images/conic_00941.png,train/points/conic_00941.npy
942,train/images/conic_00942.png,train/points/conic_00942.npy
944,train/images/conic_00944.png,train/points/conic_00944.npy
945,train/images/conic_00945.png,train/points/conic_00945.npy
946,train/images/conic_00946.png,train/points/conic_00946.npy
947,train/images/conic_00947.png,train/points/conic_00947.npy
948,train/images/conic_00948.png,train/points/conic_00948.npy
949,train/images/conic_00949.png,train/points/conic_00949.npy
950,train/images/conic_00950.png,train/points/conic_00950.npy
951,train/images/conic_00951.png,train/points/conic_00951.npy
952,train/images/conic_00952.png,train/points/conic_00952.npy
953,train/images/conic_00953.png,train/points/conic_00953.npy
954,train/images/conic_00954.png,train/points/conic_00954.npy
956,train/images/conic_00956.png,train/points/conic_00956.npy
957,train/images/conic_00957.png,train/points/conic_00957.npy
958,train/images/conic_00958.png,train/points/conic_00958.npy
959,train/images/conic_00959.png,train/points/conic_00959.npy
961,train/images/conic_00961.png,train/points/conic_00961.npy
962,train/images/conic_00962.png,train/points/conic_00962.npy
964,train/images/conic_00964.png,train/points/conic_00964.npy
965,train/images/conic_00965.png,train/points/conic_00965.npy
966,train/images/conic_00966.png,train/points/conic_00966.npy
967,train/images/conic_00967.png,train/points/conic_00967.npy
969,train/images/conic_00969.png,train/points/conic_00969.npy
970,train/images/conic_00970.png,train/points/conic_00970.npy
971,train/images/conic_00971.png,train/points/conic_00971.npy
972,train/images/conic_00972.png,train/points/conic_00972.npy
973,train/images/conic_00973.png,train/points/conic_00973.npy
974,train/images/conic_00974.png,train/points/conic_00974.npy
975,train/images/conic_00975.png,train/points/conic_00975.npy
976,train/images/conic_00976.png,train/points/conic_00976.npy
978,train/images/conic_00978.png,train/points/conic_00978.npy
979,train/images/conic_00979.png,train/points/conic_00979.npy
980,train/images/conic_00980.png,train/points/conic_00980.npy
981,train/images/conic_00981.png,train/points/conic_00981.npy
982,train/images/conic_00982.png,train/points/conic_00982.npy
983,train/images/conic_00983.png,train/points/conic_00983.npy
984,train/images/conic_00984.png,train/points/conic_00984.npy
985,train/images/conic_00985.png,train/points/conic_00985.npy
986,train/images/conic_00986.png,train/points/conic_00986.npy
987,train/images/conic_00987.png,train/points/conic_00987.npy
988,train/images/conic_00988.png,train/points/conic_00988.npy
989,train/images/conic_00989.png,train/points/conic_00989.npy
990,train/images/conic_00990.png,train/points/conic_00990.npy
991,train/images/conic_00991.png,train/points/conic_00991.npy
992,train/images/conic_00992.png,train/points/conic_00992.npy
993,train/images/conic_00993.png,train/points/conic_00993.npy
994,train/images/conic_00994.png,train/points/conic_00994.npy
996,train/images/conic_00996.png,train/points/conic_00996.npy
997,train/images/conic_00997.png,train/points/conic_00997.npy
999,train/images/conic_00999.png,train/points/conic_00999.npy
1000,train/images/conic_01000.png,train/points/conic_01000.npy
1002,train/images/conic_01002.png,train/points/conic_01002.npy
1003,train/images/conic_01003.png,train/points/conic_01003.npy
1004,train/images/conic_01004.png,train/points/conic_01004.npy
1005,train/images/conic_01005.png,train/points/conic_01005.npy
1006,train/images/conic_01006.png,train/points/conic_01006.npy
1007,train/images/conic_01007.png,train/points/conic_01007.npy
1008,train/images/conic_01008.png,train/points/conic_01008.npy
1009,train/images/conic_01009.png,train/points/conic_01009.npy
1010,train/images/conic_01010.png,train/points/conic_01010.npy
1013,train/images/conic_01013.png,train/points/conic_01013.npy
1014,train/images/conic_01014.png,train/points/conic_01014.npy
1015,train/images/conic_01015.png,train/points/conic_01015.npy
1016,train/images/conic_01016.png,train/points/conic_01016.npy
1018,train/images/conic_01018.png,train/points/conic_01018.npy
1020,train/images/conic_01020.png,train/points/conic_01020.npy
1021,train/images/conic_01021.png,train/points/conic_01021.npy
1022,train/images/conic_01022.png,train/points/conic_01022.npy
1023,train/images/conic_01023.png,train/points/conic_01023.npy
1024,train/images/conic_01024.png,train/points/conic_01024.npy
1026,train/images/conic_01026.png,train/points/conic_01026.npy
1028,train/images/conic_01028.png,train/points/conic_01028.npy
1030,train/images/conic_01030.png,train/points/conic_01030.npy
1032,train/images/conic_01032.png,train/points/conic_01032.npy
1033,train/images/conic_01033.png,train/points/conic_01033.npy
1034,train/images/conic_01034.png,train/points/conic_01034.npy
1035,train/images/conic_01035.png,train/points/conic_01035.npy
1036,train/images/conic_01036.png,train/points/conic_01036.npy
1037,train/images/conic_01037.png,train/points/conic_01037.npy
1038,train/images/conic_01038.png,train/points/conic_01038.npy
1040,train/images/conic_01040.png,train/points/conic_01040.npy
1041,train/images/conic_01041.png,train/points/conic_01041.npy
1042,train/images/conic_01042.png,train/points/conic_01042.npy
1043,train/images/conic_01043.png,train/points/conic_01043.npy
1044,train/images/conic_01044.png,train/points/conic_01044.npy
1045,train/images/conic_01045.png,train/points/conic_01045.npy
1046,train/images/conic_01046.png,train/points/conic_01046.npy
1047,train/images/conic_01047.png,train/points/conic_01047.npy
1048,train/images/conic_01048.png,train/points/conic_01048.npy
1049,train/images/conic_01049.png,train/points/conic_01049.npy
1050,train/images/conic_01050.png,train/points/conic_01050.npy
1051,train/images/conic_01051.png,train/points/conic_01051.npy
1052,train/images/conic_01052.png,train/points/conic_01052.npy
1053,train/images/conic_01053.png,train/points/conic_01053.npy
1054,train/images/conic_01054.png,train/points/conic_01054.npy
1055,train/images/conic_01055.png,train/points/conic_01055.npy
1056,train/images/conic_01056.png,train/points/conic_01056.npy
1059,train/images/conic_01059.png,train/points/conic_01059.npy
1060,train/images/conic_01060.png,train/points/conic_01060.npy
1061,train/images/conic_01061.png,train/points/conic_01061.npy
1062,train/images/conic_01062.png,train/points/conic_01062.npy
1063,train/images/conic_01063.png,train/points/conic_01063.npy
1064,train/images/conic_01064.png,train/points/conic_01064.npy
1066,train/images/conic_01066.png,train/points/conic_01066.npy
1067,train/images/conic_01067.png,train/points/conic_01067.npy
1068,train/images/conic_01068.png,train/points/conic_01068.npy
1071,train/images/conic_01071.png,train/points/conic_01071.npy
1072,train/images/conic_01072.png,train/points/conic_01072.npy
1073,train/images/conic_01073.png,train/points/conic_01073.npy
1076,train/images/conic_01076.png,train/points/conic_01076.npy
1080,train/images/conic_01080.png,train/points/conic_01080.npy
1081,train/images/conic_01081.png,train/points/conic_01081.npy
1082,train/images/conic_01082.png,train/points/conic_01082.npy
1083,train/images/conic_01083.png,train/points/conic_01083.npy
1084,train/images/conic_01084.png,train/points/conic_01084.npy
1085,train/images/conic_01085.png,train/points/conic_01085.npy
1086,train/images/conic_01086.png,train/points/conic_01086.npy
1087,train/images/conic_01087.png,train/points/conic_01087.npy
1090,train/images/conic_01090.png,train/points/conic_01090.npy
1092,train/images/conic_01092.png,train/points/conic_01092.npy
1093,train/images/conic_01093.png,train/points/conic_01093.npy
1094,train/images/conic_01094.png,train/points/conic_01094.npy
1095,train/images/conic_01095.png,train/points/conic_01095.npy
1097,train/images/conic_01097.png,train/points/conic_01097.npy
1098,train/images/conic_01098.png,train/points/conic_01098.npy
1099,train/images/conic_01099.png,train/points/conic_01099.npy
1100,train/images/conic_01100.png,train/points/conic_01100.npy
1101,train/images/conic_01101.png,train/points/conic_01101.npy
1103,train/images/conic_01103.png,train/points/conic_01103.npy
1109,train/images/conic_01109.png,train/points/conic_01109.npy
1110,train/images/conic_01110.png,train/points/conic_01110.npy
1111,train/images/conic_01111.png,train/points/conic_01111.npy
1112,train/images/conic_01112.png,train/points/conic_01112.npy
1113,train/images/conic_01113.png,train/points/conic_01113.npy
1114,train/images/conic_01114.png,train/points/conic_01114.npy
1116,train/images/conic_01116.png,train/points/conic_01116.npy
1117,train/images/conic_01117.png,train/points/conic_01117.npy
1118,train/images/conic_01118.png,train/points/conic_01118.npy
1119,train/images/conic_01119.png,train/points/conic_01119.npy
1120,train/images/conic_01120.png,train/points/conic_01120.npy
1124,train/images/conic_01124.png,train/points/conic_01124.npy
1125,train/images/conic_01125.png,train/points/conic_01125.npy
1126,train/images/conic_01126.png,train/points/conic_01126.npy
1127,train/images/conic_01127.png,train/points/conic_01127.npy
1129,train/images/conic_01129.png,train/points/conic_01129.npy
1130,train/images/conic_01130.png,train/points/conic_01130.npy
1132,train/images/conic_01132.png,train/points/conic_01132.npy
1133,train/images/conic_01133.png,train/points/conic_01133.npy
1135,train/images/conic_01135.png,train/points/conic_01135.npy
1136,train/images/conic_01136.png,train/points/conic_01136.npy
1140,train/images/conic_01140.png,train/points/conic_01140.npy
1141,train/images/conic_01141.png,train/points/conic_01141.npy
1142,train/images/conic_01142.png,train/points/conic_01142.npy
1143,train/images/conic_01143.png,train/points/conic_01143.npy
1145,train/images/conic_01145.png,train/points/conic_01145.npy
1146,train/images/conic_01146.png,train/points/conic_01146.npy
1148,train/images/conic_01148.png,train/points/conic_01148.npy
1150,train/images/conic_01150.png,train/points/conic_01150.npy
1152,train/images/conic_01152.png,train/points/conic_01152.npy
1153,train/images/conic_01153.png,train/points/conic_01153.npy
1154,train/images/conic_01154.png,train/points/conic_01154.npy
1157,train/images/conic_01157.png,train/points/conic_01157.npy
1158,train/images/conic_01158.png,train/points/conic_01158.npy
1159,train/images/conic_01159.png,train/points/conic_01159.npy
1160,train/images/conic_01160.png,train/points/conic_01160.npy
1162,train/images/conic_01162.png,train/points/conic_01162.npy
1163,train/images/conic_01163.png,train/points/conic_01163.npy
1164,train/images/conic_01164.png,train/points/conic_01164.npy
1165,train/images/conic_01165.png,train/points/conic_01165.npy
1167,train/images/conic_01167.png,train/points/conic_01167.npy
1169,train/images/conic_01169.png,train/points/conic_01169.npy
1170,train/images/conic_01170.png,train/points/conic_01170.npy
1171,train/images/conic_01171.png,train/points/conic_01171.npy
1172,train/images/conic_01172.png,train/points/conic_01172.npy
1174,train/images/conic_01174.png,train/points/conic_01174.npy
1175,train/images/conic_01175.png,train/points/conic_01175.npy
1176,train/images/conic_01176.png,train/points/conic_01176.npy
1177,train/images/conic_01177.png,train/points/conic_01177.npy
1178,train/images/conic_01178.png,train/points/conic_01178.npy
1179,train/images/conic_01179.png,train/points/conic_01179.npy
1180,train/images/conic_01180.png,train/points/conic_01180.npy
1181,train/images/conic_01181.png,train/points/conic_01181.npy
1182,train/images/conic_01182.png,train/points/conic_01182.npy
1183,train/images/conic_01183.png,train/points/conic_01183.npy
1184,train/images/conic_01184.png,train/points/conic_01184.npy
1185,train/images/conic_01185.png,train/points/conic_01185.npy
1186,train/images/conic_01186.png,train/points/conic_01186.npy
1188,train/images/conic_01188.png,train/points/conic_01188.npy
1189,train/images/conic_01189.png,train/points/conic_01189.npy
1191,train/images/conic_01191.png,train/points/conic_01191.npy
1192,train/images/conic_01192.png,train/points/conic_01192.npy
1193,train/images/conic_01193.png,train/points/conic_01193.npy
1194,train/images/conic_01194.png,train/points/conic_01194.npy
1200,train/images/conic_01200.png,train/points/conic_01200.npy
1201,train/images/conic_01201.png,train/points/conic_01201.npy
1202,train/images/conic_01202.png,train/points/conic_01202.npy
1203,train/images/conic_01203.png,train/points/conic_01203.npy
1204,train/images/conic_01204.png,train/points/conic_01204.npy
1205,train/images/conic_01205.png,train/points/conic_01205.npy
1207,train/images/conic_01207.png,train/points/conic_01207.npy
1208,train/images/conic_01208.png,train/points/conic_01208.npy
1209,train/images/conic_01209.png,train/points/conic_01209.npy
1210,train/images/conic_01210.png,train/points/conic_01210.npy
1211,train/images/conic_01211.png,train/points/conic_01211.npy
1212,train/images/conic_01212.png,train/points/conic_01212.npy
1213,train/images/conic_01213.png,train/points/conic_01213.npy
1215,train/images/conic_01215.png,train/points/conic_01215.npy
1216,train/images/conic_01216.png,train/points/conic_01216.npy
1217,train/images/conic_01217.png,train/points/conic_01217.npy
1218,train/images/conic_01218.png,train/points/conic_01218.npy
1219,train/images/conic_01219.png,train/points/conic_01219.npy
1220,train/images/conic_01220.png,train/points/conic_01220.npy
1221,train/images/conic_01221.png,train/points/conic_01221.npy
1222,train/images/conic_01222.png,train/points/conic_01222.npy
1224,train/images/conic_01224.png,train/points/conic_01224.npy
1225,train/images/conic_01225.png,train/points/conic_01225.npy
1226,train/images/conic_01226.png,train/points/conic_01226.npy
1227,train/images/conic_01227.png,train/points/conic_01227.npy
1228,train/images/conic_01228.png,train/points/conic_01228.npy
1230,train/images/conic_01230.png,train/points/conic_01230.npy
1231,train/images/conic_01231.png,train/points/conic_01231.npy
1233,train/images/conic_01233.png,train/points/conic_01233.npy
1234,train/images/conic_01234.png,train/points/conic_01234.npy
1235,train/images/conic_01235.png,train/points/conic_01235.npy
1236,train/images/conic_01236.png,train/points/conic_01236.npy
1237,train/images/conic_01237.png,train/points/conic_01237.npy
1240,train/images/conic_01240.png,train/points/conic_01240.npy
1241,train/images/conic_01241.png,train/points/conic_01241.npy
1242,train/images/conic_01242.png,train/points/conic_01242.npy
1243,train/images/conic_01243.png,train/points/conic_01243.npy
1244,train/images/conic_01244.png,train/points/conic_01244.npy
1245,train/images/conic_01245.png,train/points/conic_01245.npy
1246,train/images/conic_01246.png,train/points/conic_01246.npy
1248,train/images/conic_01248.png,train/points/conic_01248.npy
1249,train/images/conic_01249.png,train/points/conic_01249.npy
1251,train/images/conic_01251.png,train/points/conic_01251.npy
1252,train/images/conic_01252.png,train/points/conic_01252.npy
1253,train/images/conic_01253.png,train/points/conic_01253.npy
1254,train/images/conic_01254.png,train/points/conic_01254.npy
1255,train/images/conic_01255.png,train/points/conic_01255.npy
1256,train/images/conic_01256.png,train/points/conic_01256.npy
1257,train/images/conic_01257.png,train/points/conic_01257.npy
1258,train/images/conic_01258.png,train/points/conic_01258.npy
1260,train/images/conic_01260.png,train/points/conic_01260.npy
1261,train/images/conic_01261.png,train/points/conic_01261.npy
1262,train/images/conic_01262.png,train/points/conic_01262.npy
1263,train/images/conic_01263.png,train/points/conic_01263.npy
1264,train/images/conic_01264.png,train/points/conic_01264.npy
1265,train/images/conic_01265.png,train/points/conic_01265.npy
1266,train/images/conic_01266.png,train/points/conic_01266.npy
1267,train/images/conic_01267.png,train/points/conic_01267.npy
1268,train/images/conic_01268.png,train/points/conic_01268.npy
1270,train/images/conic_01270.png,train/points/conic_01270.npy
1271,train/images/conic_01271.png,train/points/conic_01271.npy
1273,train/images/conic_01273.png,train/points/conic_01273.npy
1276,train/images/conic_01276.png,train/points/conic_01276.npy
1279,train/images/conic_01279.png,train/points/conic_01279.npy
1280,train/images/conic_01280.png,train/points/conic_01280.npy
1281,train/images/conic_01281.png,train/points/conic_01281.npy
1282,train/images/conic_01282.png,train/points/conic_01282.npy
1284,train/images/conic_01284.png,train/points/conic_01284.npy
1285,train/images/conic_01285.png,train/points/conic_01285.npy
1286,train/images/conic_01286.png,train/points/conic_01286.npy
1287,train/images/conic_01287.png,train/points/conic_01287.npy
1288,train/images/conic_01288.png,train/points/conic_01288.npy
1289,train/images/conic_01289.png,train/points/conic_01289.npy
1292,train/images/conic_01292.png,train/points/conic_01292.npy
1294,train/images/conic_01294.png,train/points/conic_01294.npy
1295,train/images/conic_01295.png,train/points/conic_01295.npy
1296,train/images/conic_01296.png,train/points/conic_01296.npy
1297,train/images/conic_01297.png,train/points/conic_01297.npy
1298,train/images/conic_01298.png,train/points/conic_01298.npy
1299,train/images/conic_01299.png,train/points/conic_01299.npy
1300,train/images/conic_01300.png,train/points/conic_01300.npy
1301,train/images/conic_01301.png,train/points/conic_01301.npy
1303,train/images/conic_01303.png,train/points/conic_01303.npy
1304,train/images/conic_01304.png,train/points/conic_01304.npy
1305,train/images/conic_01305.png,train/points/conic_01305.npy
1306,train/images/conic_01306.png,train/points/conic_01306.npy
1307,train/images/conic_01307.png,train/points/conic_01307.npy
1308,train/images/conic_01308.png,train/points/conic_01308.npy
1309,train/images/conic_01309.png,train/points/conic_01309.npy
1310,train/images/conic_01310.png,train/points/conic_01310.npy
1311,train/images/conic_01311.png,train/points/conic_01311.npy
1312,train/images/conic_01312.png,train/points/conic_01312.npy
1313,train/images/conic_01313.png,train/points/conic_01313.npy
1314,train/images/conic_01314.png,train/points/conic_01314.npy
1315,train/images/conic_01315.png,train/points/conic_01315.npy
1316,train/images/conic_01316.png,train/points/conic_01316.npy
1317,train/images/conic_01317.png,train/points/conic_01317.npy
1318,train/images/conic_01318.png,train/points/conic_01318.npy
1319,train/images/conic_01319.png,train/points/conic_01319.npy
1320,train/images/conic_01320.png,train/points/conic_01320.npy
1321,train/images/conic_01321.png,train/points/conic_01321.npy
1322,train/images/conic_01322.png,train/points/conic_01322.npy
1323,train/images/conic_01323.png,train/points/conic_01323.npy
1324,train/images/conic_01324.png,train/points/conic_01324.npy
1325,train/images/conic_01325.png,train/points/conic_01325.npy
1326,train/images/conic_01326.png,train/points/conic_01326.npy
1327,train/images/conic_01327.png,train/points/conic_01327.npy
1328,train/images/conic_01328.png,train/points/conic_01328.npy
1330,train/images/conic_01330.png,train/points/conic_01330.npy
1331,train/images/conic_01331.png,train/points/conic_01331.npy
1332,train/images/conic_01332.png,train/points/conic_01332.npy
1333,train/images/conic_01333.png,train/points/conic_01333.npy
1336,train/images/conic_01336.png,train/points/conic_01336.npy
1337,train/images/conic_01337.png,train/points/conic_01337.npy
1338,train/images/conic_01338.png,train/points/conic_01338.npy
1340,train/images/conic_01340.png,train/points/conic_01340.npy
1341,train/images/conic_01341.png,train/points/conic_01341.npy
1342,train/images/conic_01342.png,train/points/conic_01342.npy
1343,train/images/conic_01343.png,train/points/conic_01343.npy
1344,train/images/conic_01344.png,train/points/conic_01344.npy
1345,train/images/conic_01345.png,train/points/conic_01345.npy
1346,train/images/conic_01346.png,train/points/conic_01346.npy
1347,train/images/conic_01347.png,train/points/conic_01347.npy
1348,train/images/conic_01348.png,train/points/conic_01348.npy
1350,train/images/conic_01350.png,train/points/conic_01350.npy
1351,train/images/conic_01351.png,train/points/conic_01351.npy
1352,train/images/conic_01352.png,train/points/conic_01352.npy
1354,train/images/conic_01354.png,train/points/conic_01354.npy
1356,train/images/conic_01356.png,train/points/conic_01356.npy
1358,train/images/conic_01358.png,train/points/conic_01358.npy
1359,train/images/conic_01359.png,train/points/conic_01359.npy
1360,train/images/conic_01360.png,train/points/conic_01360.npy
1361,train/images/conic_01361.png,train/points/conic_01361.npy
1362,train/images/conic_01362.png,train/points/conic_01362.npy
1363,train/images/conic_01363.png,train/points/conic_01363.npy
1364,train/images/conic_01364.png,train/points/conic_01364.npy
1365,train/images/conic_01365.png,train/points/conic_01365.npy
1366,train/images/conic_01366.png,train/points/conic_01366.npy
1367,train/images/conic_01367.png,train/points/conic_01367.npy
1370,train/images/conic_01370.png,train/points/conic_01370.npy
1372,train/images/conic_01372.png,train/points/conic_01372.npy
1373,train/images/conic_01373.png,train/points/conic_01373.npy
1374,train/images/conic_01374.png,train/points/conic_01374.npy
1376,train/images/conic_01376.png,train/points/conic_01376.npy
1377,train/images/conic_01377.png,train/points/conic_01377.npy
1378,train/images/conic_01378.png,train/points/conic_01378.npy
1379,train/images/conic_01379.png,train/points/conic_01379.npy
1380,train/images/conic_01380.png,train/points/conic_01380.npy
1381,train/images/conic_01381.png,train/points/conic_01381.npy
1382,train/images/conic_01382.png,train/points/conic_01382.npy
1384,train/images/conic_01384.png,train/points/conic_01384.npy
1385,train/images/conic_01385.png,train/points/conic_01385.npy
1386,train/images/conic_01386.png,train/points/conic_01386.npy
1387,train/images/conic_01387.png,train/points/conic_01387.npy
1388,train/images/conic_01388.png,train/points/conic_01388.npy
1390,train/images/conic_01390.png,train/points/conic_01390.npy
1391,train/images/conic_01391.png,train/points/conic_01391.npy
1392,train/images/conic_01392.png,train/points/conic_01392.npy
1393,train/images/conic_01393.png,train/points/conic_01393.npy
1394,train/images/conic_01394.png,train/points/conic_01394.npy
1395,train/images/conic_01395.png,train/points/conic_01395.npy
1396,train/images/conic_01396.png,train/points/conic_01396.npy
1397,train/images/conic_01397.png,train/points/conic_01397.npy
1399,train/images/conic_01399.png,train/points/conic_01399.npy
1401,train/images/conic_01401.png,train/points/conic_01401.npy
1402,train/images/conic_01402.png,train/points/conic_01402.npy
1403,train/images/conic_01403.png,train/points/conic_01403.npy
1404,train/images/conic_01404.png,train/points/conic_01404.npy
1405,train/images/conic_01405.png,train/points/conic_01405.npy
1406,train/images/conic_01406.png,train/points/conic_01406.npy
1408,train/images/conic_01408.png,train/points/conic_01408.npy
1409,train/images/conic_01409.png,train/points/conic_01409.npy
1410,train/images/conic_01410.png,train/points/conic_01410.npy
1411,train/images/conic_01411.png,train/points/conic_01411.npy
1412,train/images/conic_01412.png,train/points/conic_01412.npy
1413,train/images/conic_01413.png,train/points/conic_01413.npy
1414,train/images/conic_01414.png,train/points/conic_01414.npy
1415,train/images/conic_01415.png,train/points/conic_01415.npy
1416,train/images/conic_01416.png,train/points/conic_01416.npy
1417,train/images/conic_01417.png,train/points/conic_01417.npy
1418,train/images/conic_01418.png,train/points/conic_01418.npy
1420,train/images/conic_01420.png,train/points/conic_01420.npy
1421,train/images/conic_01421.png,train/points/conic_01421.npy
1422,train/images/conic_01422.png,train/points/conic_01422.npy
1423,train/images/conic_01423.png,train/points/conic_01423.npy
1424,train/images/conic_01424.png,train/points/conic_01424.npy
1425,train/images/conic_01425.png,train/points/conic_01425.npy
1426,train/images/conic_01426.png,train/points/conic_01426.npy
1427,train/images/conic_01427.png,train/points/conic_01427.npy
1428,train/images/conic_01428.png,train/points/conic_01428.npy
1429,train/images/conic_01429.png,train/points/conic_01429.npy
1431,train/images/conic_01431.png,train/points/conic_01431.npy
1432,train/images/conic_01432.png,train/points/conic_01432.npy
1434,train/images/conic_01434.png,train/points/conic_01434.npy
1435,train/images/conic_01435.png,train/points/conic_01435.npy
1436,train/images/conic_01436.png,train/points/conic_01436.npy
1437,train/images/conic_01437.png,train/points/conic_01437.npy
1438,train/images/conic_01438.png,train/points/conic_01438.npy
1439,train/images/conic_01439.png,train/points/conic_01439.npy
1440,train/images/conic_01440.png,train/points/conic_01440.npy
1441,train/images/conic_01441.png,train/points/conic_01441.npy
1442,train/images/conic_01442.png,train/points/conic_01442.npy
1443,train/images/conic_01443.png,train/points/conic_01443.npy
1444,train/images/conic_01444.png,train/points/conic_01444.npy
1445,train/images/conic_01445.png,train/points/conic_01445.npy
1448,train/images/conic_01448.png,train/points/conic_01448.npy
1450,train/images/conic_01450.png,train/points/conic_01450.npy
1451,train/images/conic_01451.png,train/points/conic_01451.npy
1452,train/images/conic_01452.png,train/points/conic_01452.npy
1454,train/images/conic_01454.png,train/points/conic_01454.npy
1455,train/images/conic_01455.png,train/points/conic_01455.npy
1456,train/images/conic_01456.png,train/points/conic_01456.npy
1457,train/images/conic_01457.png,train/points/conic_01457.npy
1458,train/images/conic_01458.png,train/points/conic_01458.npy
1459,train/images/conic_01459.png,train/points/conic_01459.npy
1462,train/images/conic_01462.png,train/points/conic_01462.npy
1463,train/images/conic_01463.png,train/points/conic_01463.npy
1464,train/images/conic_01464.png,train/points/conic_01464.npy
1466,train/images/conic_01466.png,train/points/conic_01466.npy
1467,train/images/conic_01467.png,train/points/conic_01467.npy
1468,train/images/conic_01468.png,train/points/conic_01468.npy
1469,train/images/conic_01469.png,train/points/conic_01469.npy
1470,train/images/conic_01470.png,train/points/conic_01470.npy
1471,train/images/conic_01471.png,train/points/conic_01471.npy
1472,train/images/conic_01472.png,train/points/conic_01472.npy
1473,train/images/conic_01473.png,train/points/conic_01473.npy
1474,train/images/conic_01474.png,train/points/conic_01474.npy
1476,train/images/conic_01476.png,train/points/conic_01476.npy
1477,train/images/conic_01477.png,train/points/conic_01477.npy
1478,train/images/conic_01478.png,train/points/conic_01478.npy
1479,train/images/conic_01479.png,train/points/conic_01479.npy
1480,train/images/conic_01480.png,train/points/conic_01480.npy
1481,train/images/conic_01481.png,train/points/conic_01481.npy
1482,train/images/conic_01482.png,train/points/conic_01482.npy
1483,train/images/conic_01483.png,train/points/conic_01483.npy
1484,train/images/conic_01484.png,train/points/conic_01484.npy
1485,train/images/conic_01485.png,train/points/conic_01485.npy
1486,train/images/conic_01486.png,train/points/conic_01486.npy
1488,train/images/conic_01488.png,train/points/conic_01488.npy
1489,train/images/conic_01489.png,train/points/conic_01489.npy
1490,train/images/conic_01490.png,train/points/conic_01490.npy
1492,train/images/conic_01492.png,train/points/conic_01492.npy
1493,train/images/conic_01493.png,train/points/conic_01493.npy
1494,train/images/conic_01494.png,train/points/conic_01494.npy
1495,train/images/conic_01495.png,train/points/conic_01495.npy
1496,train/images/conic_01496.png,train/points/conic_01496.npy
1497,train/images/conic_01497.png,train/points/conic_01497.npy
1498,train/images/conic_01498.png,train/points/conic_01498.npy
1500,train/images/conic_01500.png,train/points/conic_01500.npy
1503,train/images/conic_01503.png,train/points/conic_01503.npy
1504,train/images/conic_01504.png,train/points/conic_01504.npy
1505,train/images/conic_01505.png,train/points/conic_01505.npy
1506,train/images/conic_01506.png,train/points/conic_01506.npy
1507,train/images/conic_01507.png,train/points/conic_01507.npy
1508,train/images/conic_01508.png,train/points/conic_01508.npy
1509,train/images/conic_01509.png,train/points/conic_01509.npy
1510,train/images/conic_01510.png,train/points/conic_01510.npy
1511,train/images/conic_01511.png,train/points/conic_01511.npy
1513,train/images/conic_01513.png,train/points/conic_01513.npy
1515,train/images/conic_01515.png,train/points/conic_01515.npy
1516,train/images/conic_01516.png,train/points/conic_01516.npy
1517,train/images/conic_01517.png,train/points/conic_01517.npy
1518,train/images/conic_01518.png,train/points/conic_01518.npy
1519,train/images/conic_01519.png,train/points/conic_01519.npy
1520,train/images/conic_01520.png,train/points/conic_01520.npy
1521,train/images/conic_01521.png,train/points/conic_01521.npy
1522,train/images/conic_01522.png,train/points/conic_01522.npy
1523,train/images/conic_01523.png,train/points/conic_01523.npy
1526,train/images/conic_01526.png,train/points/conic_01526.npy
1527,train/images/conic_01527.png,train/points/conic_01527.npy
1528,train/images/conic_01528.png,train/points/conic_01528.npy
1529,train/images/conic_01529.png,train/points/conic_01529.npy
1530,train/images/conic_01530.png,train/points/conic_01530.npy
1531,train/images/conic_01531.png,train/points/conic_01531.npy
1533,train/images/conic_01533.png,train/points/conic_01533.npy
1535,train/images/conic_01535.png,train/points/conic_01535.npy
1536,train/images/conic_01536.png,train/points/conic_01536.npy
1537,train/images/conic_01537.png,train/points/conic_01537.npy
1538,train/images/conic_01538.png,train/points/conic_01538.npy
1540,train/images/conic_01540.png,train/points/conic_01540.npy
1541,train/images/conic_01541.png,train/points/conic_01541.npy
1542,train/images/conic_01542.png,train/points/conic_01542.npy
1543,train/images/conic_01543.png,train/points/conic_01543.npy
1544,train/images/conic_01544.png,train/points/conic_01544.npy
1545,train/images/conic_01545.png,train/points/conic_01545.npy
1546,train/images/conic_01546.png,train/points/conic_01546.npy
1547,train/images/conic_01547.png,train/points/conic_01547.npy
1549,train/images/conic_01549.png,train/points/conic_01549.npy
1552,train/images/conic_01552.png,train/points/conic_01552.npy
1553,train/images/conic_01553.png,train/points/conic_01553.npy
1555,train/images/conic_01555.png,train/points/conic_01555.npy
1556,train/images/conic_01556.png,train/points/conic_01556.npy
1557,train/images/conic_01557.png,train/points/conic_01557.npy
1558,train/images/conic_01558.png,train/points/conic_01558.npy
1559,train/images/conic_01559.png,train/points/conic_01559.npy
1560,train/images/conic_01560.png,train/points/conic_01560.npy
1561,train/images/conic_01561.png,train/points/conic_01561.npy
1562,train/images/conic_01562.png,train/points/conic_01562.npy
1564,train/images/conic_01564.png,train/points/conic_01564.npy
1565,train/images/conic_01565.png,train/points/conic_01565.npy
1566,train/images/conic_01566.png,train/points/conic_01566.npy
1568,train/images/conic_01568.png,train/points/conic_01568.npy
1569,train/images/conic_01569.png,train/points/conic_01569.npy
1570,train/images/conic_01570.png,train/points/conic_01570.npy
1571,train/images/conic_01571.png,train/points/conic_01571.npy
1572,train/images/conic_01572.png,train/points/conic_01572.npy
1573,train/images/conic_01573.png,train/points/conic_01573.npy
1574,train/images/conic_01574.png,train/points/conic_01574.npy
1575,train/images/conic_01575.png,train/points/conic_01575.npy
1577,train/images/conic_01577.png,train/points/conic_01577.npy
1581,train/images/conic_01581.png,train/points/conic_01581.npy
1582,train/images/conic_01582.png,train/points/conic_01582.npy
1583,train/images/conic_01583.png,train/points/conic_01583.npy
1584,train/images/conic_01584.png,train/points/conic_01584.npy
1585,train/images/conic_01585.png,train/points/conic_01585.npy
1586,train/images/conic_01586.png,train/points/conic_01586.npy
1587,train/images/conic_01587.png,train/points/conic_01587.npy
1588,train/images/conic_01588.png,train/points/conic_01588.npy
1590,train/images/conic_01590.png,train/points/conic_01590.npy
1591,train/images/conic_01591.png,train/points/conic_01591.npy
1592,train/images/conic_01592.png,train/points/conic_01592.npy
1593,train/images/conic_01593.png,train/points/conic_01593.npy
1595,train/images/conic_01595.png,train/points/conic_01595.npy
1597,train/images/conic_01597.png,train/points/conic_01597.npy
1598,train/images/conic_01598.png,train/points/conic_01598.npy
1599,train/images/conic_01599.png,train/points/conic_01599.npy
1601,train/images/conic_01601.png,train/points/conic_01601.npy
1602,train/images/conic_01602.png,train/points/conic_01602.npy
1604,train/images/conic_01604.png,train/points/conic_01604.npy
1605,train/images/conic_01605.png,train/points/conic_01605.npy
1606,train/images/conic_01606.png,train/points/conic_01606.npy
1609,train/images/conic_01609.png,train/points/conic_01609.npy
1610,train/images/conic_01610.png,train/points/conic_01610.npy
1612,train/images/conic_01612.png,train/points/conic_01612.npy
1613,train/images/conic_01613.png,train/points/conic_01613.npy
1614,train/images/conic_01614.png,train/points/conic_01614.npy
1616,train/images/conic_01616.png,train/points/conic_01616.npy
1618,train/images/conic_01618.png,train/points/conic_01618.npy
1619,train/images/conic_01619.png,train/points/conic_01619.npy
1620,train/images/conic_01620.png,train/points/conic_01620.npy
1621,train/images/conic_01621.png,train/points/conic_01621.npy
1623,train/images/conic_01623.png,train/points/conic_01623.npy
1624,train/images/conic_01624.png,train/points/conic_01624.npy
1625,train/images/conic_01625.png,train/points/conic_01625.npy
1626,train/images/conic_01626.png,train/points/conic_01626.npy
1627,train/images/conic_01627.png,train/points/conic_01627.npy
1628,train/images/conic_01628.png,train/points/conic_01628.npy
1629,train/images/conic_01629.png,train/points/conic_01629.npy
1630,train/images/conic_01630.png,train/points/conic_01630.npy
1631,train/images/conic_01631.png,train/points/conic_01631.npy
1632,train/images/conic_01632.png,train/points/conic_01632.npy
1633,train/images/conic_01633.png,train/points/conic_01633.npy
1634,train/images/conic_01634.png,train/points/conic_01634.npy
1635,train/images/conic_01635.png,train/points/conic_01635.npy
1637,train/images/conic_01637.png,train/points/conic_01637.npy
1638,train/images/conic_01638.png,train/points/conic_01638.npy
1639,train/images/conic_01639.png,train/points/conic_01639.npy
1640,train/images/conic_01640.png,train/points/conic_01640.npy
1641,train/images/conic_01641.png,train/points/conic_01641.npy
1642,train/images/conic_01642.png,train/points/conic_01642.npy
1644,train/images/conic_01644.png,train/points/conic_01644.npy
1645,train/images/conic_01645.png,train/points/conic_01645.npy
1646,train/images/conic_01646.png,train/points/conic_01646.npy
1647,train/images/conic_01647.png,train/points/conic_01647.npy
1648,train/images/conic_01648.png,train/points/conic_01648.npy
1651,train/images/conic_01651.png,train/points/conic_01651.npy
1654,train/images/conic_01654.png,train/points/conic_01654.npy
1656,train/images/conic_01656.png,train/points/conic_01656.npy
1659,train/images/conic_01659.png,train/points/conic_01659.npy
1660,train/images/conic_01660.png,train/points/conic_01660.npy
1662,train/images/conic_01662.png,train/points/conic_01662.npy
1663,train/images/conic_01663.png,train/points/conic_01663.npy
1664,train/images/conic_01664.png,train/points/conic_01664.npy
1666,train/images/conic_01666.png,train/points/conic_01666.npy
1667,train/images/conic_01667.png,train/points/conic_01667.npy
1669,train/images/conic_01669.png,train/points/conic_01669.npy
1670,train/images/conic_01670.png,train/points/conic_01670.npy
1671,train/images/conic_01671.png,train/points/conic_01671.npy
1672,train/images/conic_01672.png,train/points/conic_01672.npy
1673,train/images/conic_01673.png,train/points/conic_01673.npy
1674,train/images/conic_01674.png,train/points/conic_01674.npy
1675,train/images/conic_01675.png,train/points/conic_01675.npy
1676,train/images/conic_01676.png,train/points/conic_01676.npy
1677,train/images/conic_01677.png,train/points/conic_01677.npy
1679,train/images/conic_01679.png,train/points/conic_01679.npy
1680,train/images/conic_01680.png,train/points/conic_01680.npy
1681,train/images/conic_01681.png,train/points/conic_01681.npy
1682,train/images/conic_01682.png,train/points/conic_01682.npy
1684,train/images/conic_01684.png,train/points/conic_01684.npy
1685,train/images/conic_01685.png,train/points/conic_01685.npy
1686,train/images/conic_01686.png,train/points/conic_01686.npy
1687,train/images/conic_01687.png,train/points/conic_01687.npy
1689,train/images/conic_01689.png,train/points/conic_01689.npy
1690,train/images/conic_01690.png,train/points/conic_01690.npy
1691,train/images/conic_01691.png,train/points/conic_01691.npy
1692,train/images/conic_01692.png,train/points/conic_01692.npy
1693,train/images/conic_01693.png,train/points/conic_01693.npy
1694,train/images/conic_01694.png,train/points/conic_01694.npy
1695,train/images/conic_01695.png,train/points/conic_01695.npy
1696,train/images/conic_01696.png,train/points/conic_01696.npy
1699,train/images/conic_01699.png,train/points/conic_01699.npy
1701,train/images/conic_01701.png,train/points/conic_01701.npy
1702,train/images/conic_01702.png,train/points/conic_01702.npy
1703,train/images/conic_01703.png,train/points/conic_01703.npy
1704,train/images/conic_01704.png,train/points/conic_01704.npy
1705,train/images/conic_01705.png,train/points/conic_01705.npy
1706,train/images/conic_01706.png,train/points/conic_01706.npy
1708,train/images/conic_01708.png,train/points/conic_01708.npy
1709,train/images/conic_01709.png,train/points/conic_01709.npy
1710,train/images/conic_01710.png,train/points/conic_01710.npy
1711,train/images/conic_01711.png,train/points/conic_01711.npy
1712,train/images/conic_01712.png,train/points/conic_01712.npy
1713,train/images/conic_01713.png,train/points/conic_01713.npy
1714,train/images/conic_01714.png,train/points/conic_01714.npy
1715,train/images/conic_01715.png,train/points/conic_01715.npy
1716,train/images/conic_01716.png,train/points/conic_01716.npy
1717,train/images/conic_01717.png,train/points/conic_01717.npy
1719,train/images/conic_01719.png,train/points/conic_01719.npy
1720,train/images/conic_01720.png,train/points/conic_01720.npy
1721,train/images/conic_01721.png,train/points/conic_01721.npy
1722,train/images/conic_01722.png,train/points/conic_01722.npy
1723,train/images/conic_01723.png,train/points/conic_01723.npy
1724,train/images/conic_01724.png,train/points/conic_01724.npy
1725,train/images/conic_01725.png,train/points/conic_01725.npy
1727,train/images/conic_01727.png,train/points/conic_01727.npy
1728,train/images/conic_01728.png,train/points/conic_01728.npy
1731,train/images/conic_01731.png,train/points/conic_01731.npy
1732,train/images/conic_01732.png,train/points/conic_01732.npy
1733,train/images/conic_01733.png,train/points/conic_01733.npy
1734,train/images/conic_01734.png,train/points/conic_01734.npy
1735,train/images/conic_01735.png,train/points/conic_01735.npy
1736,train/images/conic_01736.png,train/points/conic_01736.npy
1737,train/images/conic_01737.png,train/points/conic_01737.npy
1738,train/images/conic_01738.png,train/points/conic_01738.npy
1739,train/images/conic_01739.png,train/points/conic_01739.npy
1740,train/images/conic_01740.png,train/points/conic_01740.npy
1741,train/images/conic_01741.png,train/points/conic_01741.npy
1744,train/images/conic_01744.png,train/points/conic_01744.npy
1745,train/images/conic_01745.png,train/points/conic_01745.npy
1746,train/images/conic_01746.png,train/points/conic_01746.npy
1747,train/images/conic_01747.png,train/points/conic_01747.npy
1748,train/images/conic_01748.png,train/points/conic_01748.npy
1749,train/images/conic_01749.png,train/points/conic_01749.npy
1750,train/images/conic_01750.png,train/points/conic_01750.npy
1751,train/images/conic_01751.png,train/points/conic_01751.npy
1752,train/images/conic_01752.png,train/points/conic_01752.npy
1753,train/images/conic_01753.png,train/points/conic_01753.npy
1755,train/images/conic_01755.png,train/points/conic_01755.npy
1756,train/images/conic_01756.png,train/points/conic_01756.npy
1757,train/images/conic_01757.png,train/points/conic_01757.npy
1758,train/images/conic_01758.png,train/points/conic_01758.npy
1760,train/images/conic_01760.png,train/points/conic_01760.npy
1761,train/images/conic_01761.png,train/points/conic_01761.npy
1762,train/images/conic_01762.png,train/points/conic_01762.npy
1763,train/images/conic_01763.png,train/points/conic_01763.npy
1764,train/images/conic_01764.png,train/points/conic_01764.npy
1765,train/images/conic_01765.png,train/points/conic_01765.npy
1768,train/images/conic_01768.png,train/points/conic_01768.npy
1769,train/images/conic_01769.png,train/points/conic_01769.npy
1770,train/images/conic_01770.png,train/points/conic_01770.npy
1772,train/images/conic_01772.png,train/points/conic_01772.npy
1776,train/images/conic_01776.png,train/points/conic_01776.npy
1777,train/images/conic_01777.png,train/points/conic_01777.npy
1778,train/images/conic_01778.png,train/points/conic_01778.npy
1781,train/images/conic_01781.png,train/points/conic_01781.npy
1783,train/images/conic_01783.png,train/points/conic_01783.npy
1784,train/images/conic_01784.png,train/points/conic_01784.npy
1785,train/images/conic_01785.png,train/points/conic_01785.npy
1786,train/images/conic_01786.png,train/points/conic_01786.npy
1787,train/images/conic_01787.png,train/points/conic_01787.npy
1788,train/images/conic_01788.png,train/points/conic_01788.npy
1789,train/images/conic_01789.png,train/points/conic_01789.npy
1790,train/images/conic_01790.png,train/points/conic_01790.npy
1791,train/images/conic_01791.png,train/points/conic_01791.npy
1792,train/images/conic_01792.png,train/points/conic_01792.npy
1793,train/images/conic_01793.png,train/points/conic_01793.npy
1794,train/images/conic_01794.png,train/points/conic_01794.npy
1796,train/images/conic_01796.png,train/points/conic_01796.npy
1797,train/images/conic_01797.png,train/points/conic_01797.npy
1799,train/images/conic_01799.png,train/points/conic_01799.npy
1800,train/images/conic_01800.png,train/points/conic_01800.npy
1801,train/images/conic_01801.png,train/points/conic_01801.npy
1802,train/images/conic_01802.png,train/points/conic_01802.npy
1803,train/images/conic_01803.png,train/points/conic_01803.npy
1804,train/images/conic_01804.png,train/points/conic_01804.npy
1805,train/images/conic_01805.png,train/points/conic_01805.npy
1806,train/images/conic_01806.png,train/points/conic_01806.npy
1808,train/images/conic_01808.png,train/points/conic_01808.npy
1809,train/images/conic_01809.png,train/points/conic_01809.npy
1810,train/images/conic_01810.png,train/points/conic_01810.npy
1811,train/images/conic_01811.png,train/points/conic_01811.npy
1813,train/images/conic_01813.png,train/points/conic_01813.npy
1814,train/images/conic_01814.png,train/points/conic_01814.npy
1815,train/images/conic_01815.png,train/points/conic_01815.npy
1816,train/images/conic_01816.png,train/points/conic_01816.npy
1817,train/images/conic_01817.png,train/points/conic_01817.npy
1818,train/images/conic_01818.png,train/points/conic_01818.npy
1819,train/images/conic_01819.png,train/points/conic_01819.npy
1820,train/images/conic_01820.png,train/points/conic_01820.npy
1821,train/images/conic_01821.png,train/points/conic_01821.npy
1822,train/images/conic_01822.png,train/points/conic_01822.npy
1823,train/images/conic_01823.png,train/points/conic_01823.npy
1824,train/images/conic_01824.png,train/points/conic_01824.npy
1826,train/images/conic_01826.png,train/points/conic_01826.npy
1827,train/images/conic_01827.png,train/points/conic_01827.npy
1828,train/images/conic_01828.png,train/points/conic_01828.npy
1829,train/images/conic_01829.png,train/points/conic_01829.npy
1831,train/images/conic_01831.png,train/points/conic_01831.npy
1832,train/images/conic_01832.png,train/points/conic_01832.npy
1833,train/images/conic_01833.png,train/points/conic_01833.npy
1834,train/images/conic_01834.png,train/points/conic_01834.npy
1836,train/images/conic_01836.png,train/points/conic_01836.npy
1837,train/images/conic_01837.png,train/points/conic_01837.npy
1838,train/images/conic_01838.png,train/points/conic_01838.npy
1840,train/images/conic_01840.png,train/points/conic_01840.npy
1841,train/images/conic_01841.png,train/points/conic_01841.npy
1842,train/images/conic_01842.png,train/points/conic_01842.npy
1843,train/images/conic_01843.png,train/points/conic_01843.npy
1844,train/images/conic_01844.png,train/points/conic_01844.npy
1845,train/images/conic_01845.png,train/points/conic_01845.npy
1847,train/images/conic_01847.png,train/points/conic_01847.npy
1848,train/images/conic_01848.png,train/points/conic_01848.npy
1849,train/images/conic_01849.png,train/points/conic_01849.npy
1850,train/images/conic_01850.png,train/points/conic_01850.npy
1851,train/images/conic_01851.png,train/points/conic_01851.npy
1852,train/images/conic_01852.png,train/points/conic_01852.npy
1853,train/images/conic_01853.png,train/points/conic_01853.npy
1854,train/images/conic_01854.png,train/points/conic_01854.npy
1857,train/images/conic_01857.png,train/points/conic_01857.npy
1858,train/images/conic_01858.png,train/points/conic_01858.npy
1859,train/images/conic_01859.png,train/points/conic_01859.npy
1860,train/images/conic_01860.png,train/points/conic_01860.npy
1861,train/images/conic_01861.png,train/points/conic_01861.npy
1862,train/images/conic_01862.png,train/points/conic_01862.npy
1863,train/images/conic_01863.png,train/points/conic_01863.npy
1864,train/images/conic_01864.png,train/points/conic_01864.npy
1865,train/images/conic_01865.png,train/points/conic_01865.npy
1866,train/images/conic_01866.png,train/points/conic_01866.npy
1867,train/images/conic_01867.png,train/points/conic_01867.npy
1869,train/images/conic_01869.png,train/points/conic_01869.npy
1871,train/images/conic_01871.png,train/points/conic_01871.npy
1872,train/images/conic_01872.png,train/points/conic_01872.npy
1873,train/images/conic_01873.png,train/points/conic_01873.npy
1874,train/images/conic_01874.png,train/points/conic_01874.npy
1875,train/images/conic_01875.png,train/points/conic_01875.npy
1876,train/images/conic_01876.png,train/points/conic_01876.npy
1878,train/images/conic_01878.png,train/points/conic_01878.npy
1879,train/images/conic_01879.png,train/points/conic_01879.npy
1880,train/images/conic_01880.png,train/points/conic_01880.npy
1881,train/images/conic_01881.png,train/points/conic_01881.npy
1882,train/images/conic_01882.png,train/points/conic_01882.npy
1883,train/images/conic_01883.png,train/points/conic_01883.npy
1884,train/images/conic_01884.png,train/points/conic_01884.npy
1885,train/images/conic_01885.png,train/points/conic_01885.npy
1886,train/images/conic_01886.png,train/points/conic_01886.npy
1887,train/images/conic_01887.png,train/points/conic_01887.npy
1888,train/images/conic_01888.png,train/points/conic_01888.npy
1891,train/images/conic_01891.png,train/points/conic_01891.npy
1893,train/images/conic_01893.png,train/points/conic_01893.npy
1894,train/images/conic_01894.png,train/points/conic_01894.npy
1895,train/images/conic_01895.png,train/points/conic_01895.npy
1896,train/images/conic_01896.png,train/points/conic_01896.npy
1897,train/images/conic_01897.png,train/points/conic_01897.npy
1900,train/images/conic_01900.png,train/points/conic_01900.npy
1901,train/images/conic_01901.png,train/points/conic_01901.npy
1902,train/images/conic_01902.png,train/points/conic_01902.npy
1903,train/images/conic_01903.png,train/points/conic_01903.npy
1904,train/images/conic_01904.png,train/points/conic_01904.npy
1905,train/images/conic_01905.png,train/points/conic_01905.npy
1906,train/images/conic_01906.png,train/points/conic_01906.npy
1907,train/images/conic_01907.png,train/points/conic_01907.npy
1908,train/images/conic_01908.png,train/points/conic_01908.npy
1909,train/images/conic_01909.png,train/points/conic_01909.npy
1910,train/images/conic_01910.png,train/points/conic_01910.npy
1912,train/images/conic_01912.png,train/points/conic_01912.npy
1914,train/images/conic_01914.png,train/points/conic_01914.npy
1915,train/images/conic_01915.png,train/points/conic_01915.npy
1916,train/images/conic_01916.png,train/points/conic_01916.npy
1917,train/images/conic_01917.png,train/points/conic_01917.npy
1918,train/images/conic_01918.png,train/points/conic_01918.npy
1920,train/images/conic_01920.png,train/points/conic_01920.npy
1921,train/images/conic_01921.png,train/points/conic_01921.npy
1923,train/images/conic_01923.png,train/points/conic_01923.npy
1924,train/images/conic_01924.png,train/points/conic_01924.npy
1925,train/images/conic_01925.png,train/points/conic_01925.npy
1926,train/images/conic_01926.png,train/points/conic_01926.npy
1927,train/images/conic_01927.png,train/points/conic_01927.npy
1928,train/images/conic_01928.png,train/points/conic_01928.npy
1929,train/images/conic_01929.png,train/points/conic_01929.npy
1930,train/images/conic_01930.png,train/points/conic_01930.npy
1931,train/images/conic_01931.png,train/points/conic_01931.npy
1932,train/images/conic_01932.png,train/points/conic_01932.npy
1933,train/images/conic_01933.png,train/points/conic_01933.npy
1934,train/images/conic_01934.png,train/points/conic_01934.npy
1935,train/images/conic_01935.png,train/points/conic_01935.npy
1936,train/images/conic_01936.png,train/points/conic_01936.npy
1937,train/images/conic_01937.png,train/points/conic_01937.npy
1938,train/images/conic_01938.png,train/points/conic_01938.npy
1939,train/images/conic_01939.png,train/points/conic_01939.npy
1940,train/images/conic_01940.png,train/points/conic_01940.npy
1942,train/images/conic_01942.png,train/points/conic_01942.npy
1943,train/images/conic_01943.png,train/points/conic_01943.npy
1945,train/images/conic_01945.png,train/points/conic_01945.npy
1946,train/images/conic_01946.png,train/points/conic_01946.npy
1947,train/images/conic_01947.png,train/points/conic_01947.npy
1948,train/images/conic_01948.png,train/points/conic_01948.npy
1949,train/images/conic_01949.png,train/points/conic_01949.npy
1950,train/images/conic_01950.png,train/points/conic_01950.npy
1952,train/images/conic_01952.png,train/points/conic_01952.npy
1954,train/images/conic_01954.png,train/points/conic_01954.npy
1955,train/images/conic_01955.png,train/points/conic_01955.npy
1957,train/images/conic_01957.png,train/points/conic_01957.npy
1958,train/images/conic_01958.png,train/points/conic_01958.npy
1959,train/images/conic_01959.png,train/points/conic_01959.npy
1960,train/images/conic_01960.png,train/points/conic_01960.npy
1961,train/images/conic_01961.png,train/points/conic_01961.npy
1962,train/images/conic_01962.png,train/points/conic_01962.npy
1963,train/images/conic_01963.png,train/points/conic_01963.npy
1964,train/images/conic_01964.png,train/points/conic_01964.npy
1965,train/images/conic_01965.png,train/points/conic_01965.npy
1967,train/images/conic_01967.png,train/points/conic_01967.npy
1968,train/images/conic_01968.png,train/points/conic_01968.npy
1973,train/images/conic_01973.png,train/points/conic_01973.npy
1974,train/images/conic_01974.png,train/points/conic_01974.npy
1975,train/images/conic_01975.png,train/points/conic_01975.npy
1976,train/images/conic_01976.png,train/points/conic_01976.npy
1977,train/images/conic_01977.png,train/points/conic_01977.npy
1978,train/images/conic_01978.png,train/points/conic_01978.npy
1979,train/images/conic_01979.png,train/points/conic_01979.npy
1980,train/images/conic_01980.png,train/points/conic_01980.npy
1982,train/images/conic_01982.png,train/points/conic_01982.npy
1983,train/images/conic_01983.png,train/points/conic_01983.npy
1989,train/images/conic_01989.png,train/points/conic_01989.npy
1990,train/images/conic_01990.png,train/points/conic_01990.npy
1991,train/images/conic_01991.png,train/points/conic_01991.npy
1993,train/images/conic_01993.png,train/points/conic_01993.npy
1996,train/images/conic_01996.png,train/points/conic_01996.npy
1997,train/images/conic_01997.png,train/points/conic_01997.npy
1998,train/images/conic_01998.png,train/points/conic_01998.npy
2000,train/images/conic_02000.png,train/points/conic_02000.npy
2001,train/images/conic_02001.png,train/points/conic_02001.npy
2002,train/images/conic_02002.png,train/points/conic_02002.npy
2003,train/images/conic_02003.png,train/points/conic_02003.npy
2004,train/images/conic_02004.png,train/points/conic_02004.npy
2005,train/images/conic_02005.png,train/points/conic_02005.npy
2006,train/images/conic_02006.png,train/points/conic_02006.npy
2008,train/images/conic_02008.png,train/points/conic_02008.npy
2009,train/images/conic_02009.png,train/points/conic_02009.npy
2011,train/images/conic_02011.png,train/points/conic_02011.npy
2012,train/images/conic_02012.png,train/points/conic_02012.npy
2013,train/images/conic_02013.png,train/points/conic_02013.npy
2016,train/images/conic_02016.png,train/points/conic_02016.npy
2017,train/images/conic_02017.png,train/points/conic_02017.npy
2018,train/images/conic_02018.png,train/points/conic_02018.npy
2020,train/images/conic_02020.png,train/points/conic_02020.npy
2021,train/images/conic_02021.png,train/points/conic_02021.npy
2022,train/images/conic_02022.png,train/points/conic_02022.npy
2023,train/images/conic_02023.png,train/points/conic_02023.npy
2025,train/images/conic_02025.png,train/points/conic_02025.npy
2026,train/images/conic_02026.png,train/points/conic_02026.npy
2027,train/images/conic_02027.png,train/points/conic_02027.npy
2028,train/images/conic_02028.png,train/points/conic_02028.npy
2029,train/images/conic_02029.png,train/points/conic_02029.npy
2030,train/images/conic_02030.png,train/points/conic_02030.npy
2031,train/images/conic_02031.png,train/points/conic_02031.npy
2032,train/images/conic_02032.png,train/points/conic_02032.npy
2033,train/images/conic_02033.png,train/points/conic_02033.npy
2034,train/images/conic_02034.png,train/points/conic_02034.npy
2036,train/images/conic_02036.png,train/points/conic_02036.npy
2037,train/images/conic_02037.png,train/points/conic_02037.npy
2038,train/images/conic_02038.png,train/points/conic_02038.npy
2039,train/images/conic_02039.png,train/points/conic_02039.npy
2040,train/images/conic_02040.png,train/points/conic_02040.npy
2041,train/images/conic_02041.png,train/points/conic_02041.npy
2042,train/images/conic_02042.png,train/points/conic_02042.npy
2043,train/images/conic_02043.png,train/points/conic_02043.npy
2044,train/images/conic_02044.png,train/points/conic_02044.npy
2045,train/images/conic_02045.png,train/points/conic_02045.npy
2046,train/images/conic_02046.png,train/points/conic_02046.npy
2047,train/images/conic_02047.png,train/points/conic_02047.npy
2048,train/images/conic_02048.png,train/points/conic_02048.npy
2049,train/images/conic_02049.png,train/points/conic_02049.npy
2050,train/images/conic_02050.png,train/points/conic_02050.npy
2051,train/images/conic_02051.png,train/points/conic_02051.npy
2052,train/images/conic_02052.png,train/points/conic_02052.npy
2053,train/images/conic_02053.png,train/points/conic_02053.npy
2054,train/images/conic_02054.png,train/points/conic_02054.npy
2055,train/images/conic_02055.png,train/points/conic_02055.npy
2056,train/images/conic_02056.png,train/points/conic_02056.npy
2057,train/images/conic_02057.png,train/points/conic_02057.npy
2058,train/images/conic_02058.png,train/points/conic_02058.npy
2059,train/images/conic_02059.png,train/points/conic_02059.npy
2060,train/images/conic_02060.png,train/points/conic_02060.npy
2062,train/images/conic_02062.png,train/points/conic_02062.npy
2063,train/images/conic_02063.png,train/points/conic_02063.npy
2065,train/images/conic_02065.png,train/points/conic_02065.npy
2066,train/images/conic_02066.png,train/points/conic_02066.npy
2067,train/images/conic_02067.png,train/points/conic_02067.npy
2068,train/images/conic_02068.png,train/points/conic_02068.npy
2070,train/images/conic_02070.png,train/points/conic_02070.npy
2071,train/images/conic_02071.png,train/points/conic_02071.npy
2072,train/images/conic_02072.png,train/points/conic_02072.npy
2073,train/images/conic_02073.png,train/points/conic_02073.npy
2074,train/images/conic_02074.png,train/points/conic_02074.npy
2075,train/images/conic_02075.png,train/points/conic_02075.npy
2076,train/images/conic_02076.png,train/points/conic_02076.npy
2077,train/images/conic_02077.png,train/points/conic_02077.npy
2078,train/images/conic_02078.png,train/points/conic_02078.npy
2079,train/images/conic_02079.png,train/points/conic_02079.npy
2080,train/images/conic_02080.png,train/points/conic_02080.npy
2081,train/images/conic_02081.png,train/points/conic_02081.npy
2082,train/images/conic_02082.png,train/points/conic_02082.npy
2083,train/images/conic_02083.png,train/points/conic_02083.npy
2084,train/images/conic_02084.png,train/points/conic_02084.npy
2085,train/images/conic_02085.png,train/points/conic_02085.npy
2086,train/images/conic_02086.png,train/points/conic_02086.npy
2087,train/images/conic_02087.png,train/points/conic_02087.npy
2088,train/images/conic_02088.png,train/points/conic_02088.npy
2089,train/images/conic_02089.png,train/points/conic_02089.npy
2090,train/images/conic_02090.png,train/points/conic_02090.npy
2093,train/images/conic_02093.png,train/points/conic_02093.npy
2096,train/images/conic_02096.png,train/points/conic_02096.npy
2098,train/images/conic_02098.png,train/points/conic_02098.npy
2099,train/images/conic_02099.png,train/points/conic_02099.npy
2100,train/images/conic_02100.png,train/points/conic_02100.npy
2101,train/images/conic_02101.png,train/points/conic_02101.npy
2102,train/images/conic_02102.png,train/points/conic_02102.npy
2103,train/images/conic_02103.png,train/points/conic_02103.npy
2104,train/images/conic_02104.png,train/points/conic_02104.npy
2105,train/images/conic_02105.png,train/points/conic_02105.npy
2107,train/images/conic_02107.png,train/points/conic_02107.npy
2108,train/images/conic_02108.png,train/points/conic_02108.npy
2109,train/images/conic_02109.png,train/points/conic_02109.npy
2110,train/images/conic_02110.png,train/points/conic_02110.npy
2111,train/images/conic_02111.png,train/points/conic_02111.npy
2112,train/images/conic_02112.png,train/points/conic_02112.npy
2113,train/images/conic_02113.png,train/points/conic_02113.npy
2116,train/images/conic_02116.png,train/points/conic_02116.npy
2117,train/images/conic_02117.png,train/points/conic_02117.npy
2118,train/images/conic_02118.png,train/points/conic_02118.npy
2119,train/images/conic_02119.png,train/points/conic_02119.npy
2120,train/images/conic_02120.png,train/points/conic_02120.npy
2121,train/images/conic_02121.png,train/points/conic_02121.npy
2122,train/images/conic_02122.png,train/points/conic_02122.npy
2123,train/images/conic_02123.png,train/points/conic_02123.npy
2124,train/images/conic_02124.png,train/points/conic_02124.npy
2125,train/images/conic_02125.png,train/points/conic_02125.npy
2126,train/images/conic_02126.png,train/points/conic_02126.npy
2127,train/images/conic_02127.png,train/points/conic_02127.npy
2128,train/images/conic_02128.png,train/points/conic_02128.npy
2130,train/images/conic_02130.png,train/points/conic_02130.npy
2131,train/images/conic_02131.png,train/points/conic_02131.npy
2132,train/images/conic_02132.png,train/points/conic_02132.npy
2133,train/images/conic_02133.png,train/points/conic_02133.npy
2135,train/images/conic_02135.png,train/points/conic_02135.npy
2136,train/images/conic_02136.png,train/points/conic_02136.npy
2137,train/images/conic_02137.png,train/points/conic_02137.npy
2139,train/images/conic_02139.png,train/points/conic_02139.npy
2140,train/images/conic_02140.png,train/points/conic_02140.npy
2141,train/images/conic_02141.png,train/points/conic_02141.npy
2142,train/images/conic_02142.png,train/points/conic_02142.npy
2143,train/images/conic_02143.png,train/points/conic_02143.npy
2144,train/images/conic_02144.png,train/points/conic_02144.npy
2145,train/images/conic_02145.png,train/points/conic_02145.npy
2146,train/images/conic_02146.png,train/points/conic_02146.npy
2147,train/images/conic_02147.png,train/points/conic_02147.npy
2148,train/images/conic_02148.png,train/points/conic_02148.npy
2150,train/images/conic_02150.png,train/points/conic_02150.npy
2151,train/images/conic_02151.png,train/points/conic_02151.npy
2152,train/images/conic_02152.png,train/points/conic_02152.npy
2153,train/images/conic_02153.png,train/points/conic_02153.npy
2154,train/images/conic_02154.png,train/points/conic_02154.npy
2155,train/images/conic_02155.png,train/points/conic_02155.npy
2156,train/images/conic_02156.png,train/points/conic_02156.npy
2157,train/images/conic_02157.png,train/points/conic_02157.npy
2158,train/images/conic_02158.png,train/points/conic_02158.npy
2159,train/images/conic_02159.png,train/points/conic_02159.npy
2160,train/images/conic_02160.png,train/points/conic_02160.npy
2161,train/images/conic_02161.png,train/points/conic_02161.npy
2162,train/images/conic_02162.png,train/points/conic_02162.npy
2163,train/images/conic_02163.png,train/points/conic_02163.npy
2166,train/images/conic_02166.png,train/points/conic_02166.npy
2167,train/images/conic_02167.png,train/points/conic_02167.npy
2168,train/images/conic_02168.png,train/points/conic_02168.npy
2169,train/images/conic_02169.png,train/points/conic_02169.npy
2170,train/images/conic_02170.png,train/points/conic_02170.npy
2171,train/images/conic_02171.png,train/points/conic_02171.npy
2172,train/images/conic_02172.png,train/points/conic_02172.npy
2173,train/images/conic_02173.png,train/points/conic_02173.npy
2174,train/images/conic_02174.png,train/points/conic_02174.npy
2175,train/images/conic_02175.png,train/points/conic_02175.npy
2176,train/images/conic_02176.png,train/points/conic_02176.npy
2177,train/images/conic_02177.png,train/points/conic_02177.npy
2178,train/images/conic_02178.png,train/points/conic_02178.npy
2180,train/images/conic_02180.png,train/points/conic_02180.npy
2181,train/images/conic_02181.png,train/points/conic_02181.npy
2183,train/images/conic_02183.png,train/points/conic_02183.npy
2185,train/images/conic_02185.png,train/points/conic_02185.npy
2186,train/images/conic_02186.png,train/points/conic_02186.npy
2187,train/images/conic_02187.png,train/points/conic_02187.npy
2188,train/images/conic_02188.png,train/points/conic_02188.npy
2189,train/images/conic_02189.png,train/points/conic_02189.npy
2191,train/images/conic_02191.png,train/points/conic_02191.npy
2192,train/images/conic_02192.png,train/points/conic_02192.npy
2193,train/images/conic_02193.png,train/points/conic_02193.npy
2195,train/images/conic_02195.png,train/points/conic_02195.npy
2196,train/images/conic_02196.png,train/points/conic_02196.npy
2197,train/images/conic_02197.png,train/points/conic_02197.npy
2198,train/images/conic_02198.png,train/points/conic_02198.npy
2199,train/images/conic_02199.png,train/points/conic_02199.npy
2200,train/images/conic_02200.png,train/points/conic_02200.npy
2201,train/images/conic_02201.png,train/points/conic_02201.npy
2202,train/images/conic_02202.png,train/points/conic_02202.npy
2203,train/images/conic_02203.png,train/points/conic_02203.npy
2206,train/images/conic_02206.png,train/points/conic_02206.npy
2207,train/images/conic_02207.png,train/points/conic_02207.npy
2208,train/images/conic_02208.png,train/points/conic_02208.npy
2209,train/images/conic_02209.png,train/points/conic_02209.npy
2210,train/images/conic_02210.png,train/points/conic_02210.npy
2211,train/images/conic_02211.png,train/points/conic_02211.npy
2212,train/images/conic_02212.png,train/points/conic_02212.npy
2213,train/images/conic_02213.png,train/points/conic_02213.npy
2215,train/images/conic_02215.png,train/points/conic_02215.npy
2216,train/images/conic_02216.png,train/points/conic_02216.npy
2217,train/images/conic_02217.png,train/points/conic_02217.npy
2218,train/images/conic_02218.png,train/points/conic_02218.npy
2219,train/images/conic_02219.png,train/points/conic_02219.npy
2220,train/images/conic_02220.png,train/points/conic_02220.npy
2221,train/images/conic_02221.png,train/points/conic_02221.npy
2224,train/images/conic_02224.png,train/points/conic_02224.npy
2225,train/images/conic_02225.png,train/points/conic_02225.npy
2226,train/images/conic_02226.png,train/points/conic_02226.npy
2228,train/images/conic_02228.png,train/points/conic_02228.npy
2229,train/images/conic_02229.png,train/points/conic_02229.npy
2230,train/images/conic_02230.png,train/points/conic_02230.npy
2231,train/images/conic_02231.png,train/points/conic_02231.npy
2232,train/images/conic_02232.png,train/points/conic_02232.npy
2233,train/images/conic_02233.png,train/points/conic_02233.npy
2234,train/images/conic_02234.png,train/points/conic_02234.npy
2235,train/images/conic_02235.png,train/points/conic_02235.npy
2236,train/images/conic_02236.png,train/points/conic_02236.npy
2237,train/images/conic_02237.png,train/points/conic_02237.npy
2238,train/images/conic_02238.png,train/points/conic_02238.npy
2239,train/images/conic_02239.png,train/points/conic_02239.npy
2241,train/images/conic_02241.png,train/points/conic_02241.npy
2243,train/images/conic_02243.png,train/points/conic_02243.npy
2245,train/images/conic_02245.png,train/points/conic_02245.npy
2246,train/images/conic_02246.png,train/points/conic_02246.npy
2247,train/images/conic_02247.png,train/points/conic_02247.npy
2249,train/images/conic_02249.png,train/points/conic_02249.npy
2251,train/images/conic_02251.png,train/points/conic_02251.npy
2252,train/images/conic_02252.png,train/points/conic_02252.npy
2253,train/images/conic_02253.png,train/points/conic_02253.npy
2254,train/images/conic_02254.png,train/points/conic_02254.npy
2255,train/images/conic_02255.png,train/points/conic_02255.npy
2256,train/images/conic_02256.png,train/points/conic_02256.npy
2257,train/images/conic_02257.png,train/points/conic_02257.npy
2258,train/images/conic_02258.png,train/points/conic_02258.npy
2259,train/images/conic_02259.png,train/points/conic_02259.npy
2260,train/images/conic_02260.png,train/points/conic_02260.npy
2261,train/images/conic_02261.png,train/points/conic_02261.npy
2263,train/images/conic_02263.png,train/points/conic_02263.npy
2264,train/images/conic_02264.png,train/points/conic_02264.npy
2265,train/images/conic_02265.png,train/points/conic_02265.npy
2266,train/images/conic_02266.png,train/points/conic_02266.npy
2269,train/images/conic_02269.png,train/points/conic_02269.npy
2270,train/images/conic_02270.png,train/points/conic_02270.npy
2271,train/images/conic_02271.png,train/points/conic_02271.npy
2273,train/images/conic_02273.png,train/points/conic_02273.npy
2276,train/images/conic_02276.png,train/points/conic_02276.npy
2277,train/images/conic_02277.png,train/points/conic_02277.npy
2278,train/images/conic_02278.png,train/points/conic_02278.npy
2279,train/images/conic_02279.png,train/points/conic_02279.npy
2280,train/images/conic_02280.png,train/points/conic_02280.npy
2281,train/images/conic_02281.png,train/points/conic_02281.npy
2282,train/images/conic_02282.png,train/points/conic_02282.npy
2284,train/images/conic_02284.png,train/points/conic_02284.npy
2285,train/images/conic_02285.png,train/points/conic_02285.npy
2286,train/images/conic_02286.png,train/points/conic_02286.npy
2287,train/images/conic_02287.png,train/points/conic_02287.npy
2288,train/images/conic_02288.png,train/points/conic_02288.npy
2289,train/images/conic_02289.png,train/points/conic_02289.npy
2290,train/images/conic_02290.png,train/points/conic_02290.npy
2292,train/images/conic_02292.png,train/points/conic_02292.npy
2293,train/images/conic_02293.png,train/points/conic_02293.npy
2294,train/images/conic_02294.png,train/points/conic_02294.npy
2295,train/images/conic_02295.png,train/points/conic_02295.npy
2296,train/images/conic_02296.png,train/points/conic_02296.npy
2297,train/images/conic_02297.png,train/points/conic_02297.npy
2299,train/images/conic_02299.png,train/points/conic_02299.npy
2300,train/images/conic_02300.png,train/points/conic_02300.npy
2301,train/images/conic_02301.png,train/points/conic_02301.npy
2302,train/images/conic_02302.png,train/points/conic_02302.npy
2305,train/images/conic_02305.png,train/points/conic_02305.npy
2307,train/images/conic_02307.png,train/points/conic_02307.npy
2308,train/images/conic_02308.png,train/points/conic_02308.npy
2309,train/images/conic_02309.png,train/points/conic_02309.npy
2310,train/images/conic_02310.png,train/points/conic_02310.npy
2311,train/images/conic_02311.png,train/points/conic_02311.npy
2312,train/images/conic_02312.png,train/points/conic_02312.npy
2313,train/images/conic_02313.png,train/points/conic_02313.npy
2315,train/images/conic_02315.png,train/points/conic_02315.npy
2316,train/images/conic_02316.png,train/points/conic_02316.npy
2317,train/images/conic_02317.png,train/points/conic_02317.npy
2318,train/images/conic_02318.png,train/points/conic_02318.npy
2319,train/images/conic_02319.png,train/points/conic_02319.npy
2320,train/images/conic_02320.png,train/points/conic_02320.npy
2322,train/images/conic_02322.png,train/points/conic_02322.npy
2323,train/images/conic_02323.png,train/points/conic_02323.npy
2324,train/images/conic_02324.png,train/points/conic_02324.npy
2325,train/images/conic_02325.png,train/points/conic_02325.npy
2326,train/images/conic_02326.png,train/points/conic_02326.npy
2327,train/images/conic_02327.png,train/points/conic_02327.npy
2329,train/images/conic_02329.png,train/points/conic_02329.npy
2331,train/images/conic_02331.png,train/points/conic_02331.npy
2332,train/images/conic_02332.png,train/points/conic_02332.npy
2334,train/images/conic_02334.png,train/points/conic_02334.npy
2335,train/images/conic_02335.png,train/points/conic_02335.npy
2336,train/images/conic_02336.png,train/points/conic_02336.npy
2337,train/images/conic_02337.png,train/points/conic_02337.npy
2338,train/images/conic_02338.png,train/points/conic_02338.npy
2340,train/images/conic_02340.png,train/points/conic_02340.npy
2341,train/images/conic_02341.png,train/points/conic_02341.npy
2342,train/images/conic_02342.png,train/points/conic_02342.npy
2343,train/images/conic_02343.png,train/points/conic_02343.npy
2344,train/images/conic_02344.png,train/points/conic_02344.npy
2345,train/images/conic_02345.png,train/points/conic_02345.npy
2346,train/images/conic_02346.png,train/points/conic_02346.npy
2347,train/images/conic_02347.png,train/points/conic_02347.npy
2348,train/images/conic_02348.png,train/points/conic_02348.npy
2349,train/images/conic_02349.png,train/points/conic_02349.npy
2350,train/images/conic_02350.png,train/points/conic_02350.npy
2351,train/images/conic_02351.png,train/points/conic_02351.npy
2353,train/images/conic_02353.png,train/points/conic_02353.npy
2354,train/images/conic_02354.png,train/points/conic_02354.npy
2355,train/images/conic_02355.png,train/points/conic_02355.npy
2356,train/images/conic_02356.png,train/points/conic_02356.npy
2357,train/images/conic_02357.png,train/points/conic_02357.npy
2358,train/images/conic_02358.png,train/points/conic_02358.npy
2359,train/images/conic_02359.png,train/points/conic_02359.npy
2360,train/images/conic_02360.png,train/points/conic_02360.npy
2361,train/images/conic_02361.png,train/points/conic_02361.npy
2362,train/images/conic_02362.png,train/points/conic_02362.npy
2363,train/images/conic_02363.png,train/points/conic_02363.npy
2364,train/images/conic_02364.png,train/points/conic_02364.npy
2365,train/images/conic_02365.png,train/points/conic_02365.npy
2366,train/images/conic_02366.png,train/points/conic_02366.npy
2367,train/images/conic_02367.png,train/points/conic_02367.npy
2369,train/images/conic_02369.png,train/points/conic_02369.npy
2370,train/images/conic_02370.png,train/points/conic_02370.npy
2372,train/images/conic_02372.png,train/points/conic_02372.npy
2373,train/images/conic_02373.png,train/points/conic_02373.npy
2374,train/images/conic_02374.png,train/points/conic_02374.npy
2375,train/images/conic_02375.png,train/points/conic_02375.npy
2377,train/images/conic_02377.png,train/points/conic_02377.npy
2378,train/images/conic_02378.png,train/points/conic_02378.npy
2379,train/images/conic_02379.png,train/points/conic_02379.npy
2380,train/images/conic_02380.png,train/points/conic_02380.npy
2381,train/images/conic_02381.png,train/points/conic_02381.npy
2383,train/images/conic_02383.png,train/points/conic_02383.npy
2384,train/images/conic_02384.png,train/points/conic_02384.npy
2385,train/images/conic_02385.png,train/points/conic_02385.npy
2386,train/images/conic_02386.png,train/points/conic_02386.npy
2388,train/images/conic_02388.png,train/points/conic_02388.npy
2389,train/images/conic_02389.png,train/points/conic_02389.npy
2390,train/images/conic_02390.png,train/points/conic_02390.npy
2391,train/images/conic_02391.png,train/points/conic_02391.npy
2392,train/images/conic_02392.png,train/points/conic_02392.npy
2393,train/images/conic_02393.png,train/points/conic_02393.npy
2394,train/images/conic_02394.png,train/points/conic_02394.npy
2395,train/images/conic_02395.png,train/points/conic_02395.npy
2396,train/images/conic_02396.png,train/points/conic_02396.npy
2397,train/images/conic_02397.png,train/points/conic_02397.npy
2401,train/images/conic_02401.png,train/points/conic_02401.npy
2402,train/images/conic_02402.png,train/points/conic_02402.npy
2403,train/images/conic_02403.png,train/points/conic_02403.npy
2404,train/images/conic_02404.png,train/points/conic_02404.npy
2405,train/images/conic_02405.png,train/points/conic_02405.npy
2406,train/images/conic_02406.png,train/points/conic_02406.npy
2407,train/images/conic_02407.png,train/points/conic_02407.npy
2409,train/images/conic_02409.png,train/points/conic_02409.npy
2410,train/images/conic_02410.png,train/points/conic_02410.npy
2411,train/images/conic_02411.png,train/points/conic_02411.npy
2412,train/images/conic_02412.png,train/points/conic_02412.npy
2413,train/images/conic_02413.png,train/points/conic_02413.npy
2414,train/images/conic_02414.png,train/points/conic_02414.npy
2415,train/images/conic_02415.png,train/points/conic_02415.npy
2417,train/images/conic_02417.png,train/points/conic_02417.npy
2418,train/images/conic_02418.png,train/points/conic_02418.npy
2419,train/images/conic_02419.png,train/points/conic_02419.npy
2421,train/images/conic_02421.png,train/points/conic_02421.npy
2422,train/images/conic_02422.png,train/points/conic_02422.npy
2424,train/images/conic_02424.png,train/points/conic_02424.npy
2425,train/images/conic_02425.png,train/points/conic_02425.npy
2426,train/images/conic_02426.png,train/points/conic_02426.npy
2428,train/images/conic_02428.png,train/points/conic_02428.npy
2429,train/images/conic_02429.png,train/points/conic_02429.npy
2430,train/images/conic_02430.png,train/points/conic_02430.npy
2431,train/images/conic_02431.png,train/points/conic_02431.npy
2433,train/images/conic_02433.png,train/points/conic_02433.npy
2435,train/images/conic_02435.png,train/points/conic_02435.npy
2436,train/images/conic_02436.png,train/points/conic_02436.npy
2437,train/images/conic_02437.png,train/points/conic_02437.npy
2438,train/images/conic_02438.png,train/points/conic_02438.npy
2440,train/images/conic_02440.png,train/points/conic_02440.npy
2441,train/images/conic_02441.png,train/points/conic_02441.npy
2442,train/images/conic_02442.png,train/points/conic_02442.npy
2444,train/images/conic_02444.png,train/points/conic_02444.npy
2445,train/images/conic_02445.png,train/points/conic_02445.npy
2446,train/images/conic_02446.png,train/points/conic_02446.npy
2447,train/images/conic_02447.png,train/points/conic_02447.npy
2448,train/images/conic_02448.png,train/points/conic_02448.npy
2449,train/images/conic_02449.png,train/points/conic_02449.npy
2451,train/images/conic_02451.png,train/points/conic_02451.npy
2452,train/images/conic_02452.png,train/points/conic_02452.npy
2454,train/images/conic_02454.png,train/points/conic_02454.npy
2455,train/images/conic_02455.png,train/points/conic_02455.npy
2456,train/images/conic_02456.png,train/points/conic_02456.npy
2457,train/images/conic_02457.png,train/points/conic_02457.npy
2458,train/images/conic_02458.png,train/points/conic_02458.npy
2459,train/images/conic_02459.png,train/points/conic_02459.npy
2460,train/images/conic_02460.png,train/points/conic_02460.npy
2464,train/images/conic_02464.png,train/points/conic_02464.npy
2465,train/images/conic_02465.png,train/points/conic_02465.npy
2466,train/images/conic_02466.png,train/points/conic_02466.npy
2467,train/images/conic_02467.png,train/points/conic_02467.npy
2468,train/images/conic_02468.png,train/points/conic_02468.npy
2469,train/images/conic_02469.png,train/points/conic_02469.npy
2470,train/images/conic_02470.png,train/points/conic_02470.npy
2471,train/images/conic_02471.png,train/points/conic_02471.npy
2472,train/images/conic_02472.png,train/points/conic_02472.npy
2473,train/images/conic_02473.png,train/points/conic_02473.npy
2475,train/images/conic_02475.png,train/points/conic_02475.npy
2476,train/images/conic_02476.png,train/points/conic_02476.npy
2477,train/images/conic_02477.png,train/points/conic_02477.npy
2478,train/images/conic_02478.png,train/points/conic_02478.npy
2479,train/images/conic_02479.png,train/points/conic_02479.npy
2482,train/images/conic_02482.png,train/points/conic_02482.npy
2483,train/images/conic_02483.png,train/points/conic_02483.npy
2484,train/images/conic_02484.png,train/points/conic_02484.npy
2486,train/images/conic_02486.png,train/points/conic_02486.npy
2488,train/images/conic_02488.png,train/points/conic_02488.npy
2489,train/images/conic_02489.png,train/points/conic_02489.npy
2490,train/images/conic_02490.png,train/points/conic_02490.npy
2491,train/images/conic_02491.png,train/points/conic_02491.npy
2492,train/images/conic_02492.png,train/points/conic_02492.npy
2493,train/images/conic_02493.png,train/points/conic_02493.npy
2494,train/images/conic_02494.png,train/points/conic_02494.npy
2495,train/images/conic_02495.png,train/points/conic_02495.npy
2496,train/images/conic_02496.png,train/points/conic_02496.npy
2497,train/images/conic_02497.png,train/points/conic_02497.npy
2498,train/images/conic_02498.png,train/points/conic_02498.npy
2499,train/images/conic_02499.png,train/points/conic_02499.npy
2500,train/images/conic_02500.png,train/points/conic_02500.npy
2501,train/images/conic_02501.png,train/points/conic_02501.npy
2502,train/images/conic_02502.png,train/points/conic_02502.npy
2504,train/images/conic_02504.png,train/points/conic_02504.npy
2505,train/images/conic_02505.png,train/points/conic_02505.npy
2506,train/images/conic_02506.png,train/points/conic_02506.npy
2507,train/images/conic_02507.png,train/points/conic_02507.npy
2508,train/images/conic_02508.png,train/points/conic_02508.npy
2509,train/images/conic_02509.png,train/points/conic_02509.npy
2510,train/images/conic_02510.png,train/points/conic_02510.npy
2511,train/images/conic_02511.png,train/points/conic_02511.npy
2512,train/images/conic_02512.png,train/points/conic_02512.npy
2513,train/images/conic_02513.png,train/points/conic_02513.npy
2515,train/images/conic_02515.png,train/points/conic_02515.npy
2516,train/images/conic_02516.png,train/points/conic_02516.npy
2518,train/images/conic_02518.png,train/points/conic_02518.npy
2519,train/images/conic_02519.png,train/points/conic_02519.npy
2520,train/images/conic_02520.png,train/points/conic_02520.npy
2521,train/images/conic_02521.png,train/points/conic_02521.npy
2522,train/images/conic_02522.png,train/points/conic_02522.npy
2523,train/images/conic_02523.png,train/points/conic_02523.npy
2524,train/images/conic_02524.png,train/points/conic_02524.npy
2525,train/images/conic_02525.png,train/points/conic_02525.npy
2526,train/images/conic_02526.png,train/points/conic_02526.npy
2527,train/images/conic_02527.png,train/points/conic_02527.npy
2529,train/images/conic_02529.png,train/points/conic_02529.npy
2530,train/images/conic_02530.png,train/points/conic_02530.npy
2531,train/images/conic_02531.png,train/points/conic_02531.npy
2532,train/images/conic_02532.png,train/points/conic_02532.npy
2533,train/images/conic_02533.png,train/points/conic_02533.npy
2534,train/images/conic_02534.png,train/points/conic_02534.npy
2535,train/images/conic_02535.png,train/points/conic_02535.npy
2536,train/images/conic_02536.png,train/points/conic_02536.npy
2537,train/images/conic_02537.png,train/points/conic_02537.npy
2538,train/images/conic_02538.png,train/points/conic_02538.npy
2539,train/images/conic_02539.png,train/points/conic_02539.npy
2541,train/images/conic_02541.png,train/points/conic_02541.npy
2542,train/images/conic_02542.png,train/points/conic_02542.npy
2543,train/images/conic_02543.png,train/points/conic_02543.npy
2544,train/images/conic_02544.png,train/points/conic_02544.npy
2545,train/images/conic_02545.png,train/points/conic_02545.npy
2546,train/images/conic_02546.png,train/points/conic_02546.npy
2548,train/images/conic_02548.png,train/points/conic_02548.npy
2550,train/images/conic_02550.png,train/points/conic_02550.npy
2551,train/images/conic_02551.png,train/points/conic_02551.npy
2552,train/images/conic_02552.png,train/points/conic_02552.npy
2553,train/images/conic_02553.png,train/points/conic_02553.npy
2554,train/images/conic_02554.png,train/points/conic_02554.npy
2555,train/images/conic_02555.png,train/points/conic_02555.npy
2556,train/images/conic_02556.png,train/points/conic_02556.npy
2557,train/images/conic_02557.png,train/points/conic_02557.npy
2558,train/images/conic_02558.png,train/points/conic_02558.npy
2560,train/images/conic_02560.png,train/points/conic_02560.npy
2562,train/images/conic_02562.png,train/points/conic_02562.npy
2563,train/images/conic_02563.png,train/points/conic_02563.npy
2564,train/images/conic_02564.png,train/points/conic_02564.npy
2567,train/images/conic_02567.png,train/points/conic_02567.npy
2568,train/images/conic_02568.png,train/points/conic_02568.npy
2569,train/images/conic_02569.png,train/points/conic_02569.npy
2570,train/images/conic_02570.png,train/points/conic_02570.npy
2571,train/images/conic_02571.png,train/points/conic_02571.npy
2572,train/images/conic_02572.png,train/points/conic_02572.npy
2573,train/images/conic_02573.png,train/points/conic_02573.npy
2574,train/images/conic_02574.png,train/points/conic_02574.npy
2576,train/images/conic_02576.png,train/points/conic_02576.npy
2577,train/images/conic_02577.png,train/points/conic_02577.npy
2579,train/images/conic_02579.png,train/points/conic_02579.npy
2580,train/images/conic_02580.png,train/points/conic_02580.npy
2581,train/images/conic_02581.png,train/points/conic_02581.npy
2582,train/images/conic_02582.png,train/points/conic_02582.npy
2584,train/images/conic_02584.png,train/points/conic_02584.npy
2585,train/images/conic_02585.png,train/points/conic_02585.npy
2586,train/images/conic_02586.png,train/points/conic_02586.npy
2587,train/images/conic_02587.png,train/points/conic_02587.npy
2588,train/images/conic_02588.png,train/points/conic_02588.npy
2589,train/images/conic_02589.png,train/points/conic_02589.npy
2590,train/images/conic_02590.png,train/points/conic_02590.npy
2591,train/images/conic_02591.png,train/points/conic_02591.npy
2593,train/images/conic_02593.png,train/points/conic_02593.npy
2595,train/images/conic_02595.png,train/points/conic_02595.npy
2597,train/images/conic_02597.png,train/points/conic_02597.npy
2599,train/images/conic_02599.png,train/points/conic_02599.npy
2600,train/images/conic_02600.png,train/points/conic_02600.npy
2601,train/images/conic_02601.png,train/points/conic_02601.npy
2602,train/images/conic_02602.png,train/points/conic_02602.npy
2603,train/images/conic_02603.png,train/points/conic_02603.npy
2605,train/images/conic_02605.png,train/points/conic_02605.npy
2606,train/images/conic_02606.png,train/points/conic_02606.npy
2607,train/images/conic_02607.png,train/points/conic_02607.npy
2608,train/images/conic_02608.png,train/points/conic_02608.npy
2610,train/images/conic_02610.png,train/points/conic_02610.npy
2611,train/images/conic_02611.png,train/points/conic_02611.npy
2612,train/images/conic_02612.png,train/points/conic_02612.npy
2614,train/images/conic_02614.png,train/points/conic_02614.npy
2615,train/images/conic_02615.png,train/points/conic_02615.npy
2617,train/images/conic_02617.png,train/points/conic_02617.npy
2618,train/images/conic_02618.png,train/points/conic_02618.npy
2619,train/images/conic_02619.png,train/points/conic_02619.npy
2620,train/images/conic_02620.png,train/points/conic_02620.npy
2621,train/images/conic_02621.png,train/points/conic_02621.npy
2622,train/images/conic_02622.png,train/points/conic_02622.npy
2623,train/images/conic_02623.png,train/points/conic_02623.npy
2625,train/images/conic_02625.png,train/points/conic_02625.npy
2626,train/images/conic_02626.png,train/points/conic_02626.npy
2627,train/images/conic_02627.png,train/points/conic_02627.npy
2628,train/images/conic_02628.png,train/points/conic_02628.npy
2629,train/images/conic_02629.png,train/points/conic_02629.npy
2630,train/images/conic_02630.png,train/points/conic_02630.npy
2631,train/images/conic_02631.png,train/points/conic_02631.npy
2632,train/images/conic_02632.png,train/points/conic_02632.npy
2633,train/images/conic_02633.png,train/points/conic_02633.npy
2635,train/images/conic_02635.png,train/points/conic_02635.npy
2637,train/images/conic_02637.png,train/points/conic_02637.npy
2638,train/images/conic_02638.png,train/points/conic_02638.npy
2639,train/images/conic_02639.png,train/points/conic_02639.npy
2640,train/images/conic_02640.png,train/points/conic_02640.npy
2641,train/images/conic_02641.png,train/points/conic_02641.npy
2642,train/images/conic_02642.png,train/points/conic_02642.npy
2643,train/images/conic_02643.png,train/points/conic_02643.npy
2646,train/images/conic_02646.png,train/points/conic_02646.npy
2647,train/images/conic_02647.png,train/points/conic_02647.npy
2648,train/images/conic_02648.png,train/points/conic_02648.npy
2649,train/images/conic_02649.png,train/points/conic_02649.npy
2650,train/images/conic_02650.png,train/points/conic_02650.npy
2651,train/images/conic_02651.png,train/points/conic_02651.npy
2652,train/images/conic_02652.png,train/points/conic_02652.npy
2653,train/images/conic_02653.png,train/points/conic_02653.npy
2654,train/images/conic_02654.png,train/points/conic_02654.npy
2655,train/images/conic_02655.png,train/points/conic_02655.npy
2656,train/images/conic_02656.png,train/points/conic_02656.npy
2657,train/images/conic_02657.png,train/points/conic_02657.npy
2658,train/images/conic_02658.png,train/points/conic_02658.npy
2659,train/images/conic_02659.png,train/points/conic_02659.npy
2660,train/images/conic_02660.png,train/points/conic_02660.npy
2661,train/images/conic_02661.png,train/points/conic_02661.npy
2662,train/images/conic_02662.png,train/points/conic_02662.npy
2663,train/images/conic_02663.png,train/points/conic_02663.npy
2664,train/images/conic_02664.png,train/points/conic_02664.npy
2665,train/images/conic_02665.png,train/points/conic_02665.npy
2666,train/images/conic_02666.png,train/points/conic_02666.npy
2667,train/images/conic_02667.png,train/points/conic_02667.npy
2669,train/images/conic_02669.png,train/points/conic_02669.npy
2670,train/images/conic_02670.png,train/points/conic_02670.npy
2671,train/images/conic_02671.png,train/points/conic_02671.npy
2672,train/images/conic_02672.png,train/points/conic_02672.npy
2673,train/images/conic_02673.png,train/points/conic_02673.npy
2674,train/images/conic_02674.png,train/points/conic_02674.npy
2676,train/images/conic_02676.png,train/points/conic_02676.npy
2677,train/images/conic_02677.png,train/points/conic_02677.npy
2679,train/images/conic_02679.png,train/points/conic_02679.npy
2680,train/images/conic_02680.png,train/points/conic_02680.npy
2681,train/images/conic_02681.png,train/points/conic_02681.npy
2682,train/images/conic_02682.png,train/points/conic_02682.npy
2683,train/images/conic_02683.png,train/points/conic_02683.npy
2684,train/images/conic_02684.png,train/points/conic_02684.npy
2685,train/images/conic_02685.png,train/points/conic_02685.npy
2686,train/images/conic_02686.png,train/points/conic_02686.npy
2687,train/images/conic_02687.png,train/points/conic_02687.npy
2688,train/images/conic_02688.png,train/points/conic_02688.npy
2689,train/images/conic_02689.png,train/points/conic_02689.npy
2690,train/images/conic_02690.png,train/points/conic_02690.npy
2691,train/images/conic_02691.png,train/points/conic_02691.npy
2692,train/images/conic_02692.png,train/points/conic_02692.npy
2693,train/images/conic_02693.png,train/points/conic_02693.npy
2694,train/images/conic_02694.png,train/points/conic_02694.npy
2696,train/images/conic_02696.png,train/points/conic_02696.npy
2698,train/images/conic_02698.png,train/points/conic_02698.npy
2700,train/images/conic_02700.png,train/points/conic_02700.npy
2701,train/images/conic_02701.png,train/points/conic_02701.npy
2702,train/images/conic_02702.png,train/points/conic_02702.npy
2704,train/images/conic_02704.png,train/points/conic_02704.npy
2706,train/images/conic_02706.png,train/points/conic_02706.npy
2707,train/images/conic_02707.png,train/points/conic_02707.npy
2708,train/images/conic_02708.png,train/points/conic_02708.npy
2709,train/images/conic_02709.png,train/points/conic_02709.npy
2710,train/images/conic_02710.png,train/points/conic_02710.npy
2711,train/images/conic_02711.png,train/points/conic_02711.npy
2712,train/images/conic_02712.png,train/points/conic_02712.npy
2714,train/images/conic_02714.png,train/points/conic_02714.npy
2718,train/images/conic_02718.png,train/points/conic_02718.npy
2721,train/images/conic_02721.png,train/points/conic_02721.npy
2722,train/images/conic_02722.png,train/points/conic_02722.npy
2723,train/images/conic_02723.png,train/points/conic_02723.npy
2724,train/images/conic_02724.png,train/points/conic_02724.npy
2725,train/images/conic_02725.png,train/points/conic_02725.npy
2729,train/images/conic_02729.png,train/points/conic_02729.npy
2730,train/images/conic_02730.png,train/points/conic_02730.npy
2731,train/images/conic_02731.png,train/points/conic_02731.npy
2732,train/images/conic_02732.png,train/points/conic_02732.npy
2735,train/images/conic_02735.png,train/points/conic_02735.npy
2736,train/images/conic_02736.png,train/points/conic_02736.npy
2737,train/images/conic_02737.png,train/points/conic_02737.npy
2739,train/images/conic_02739.png,train/points/conic_02739.npy
2744,train/images/conic_02744.png,train/points/conic_02744.npy
2745,train/images/conic_02745.png,train/points/conic_02745.npy
2746,train/images/conic_02746.png,train/points/conic_02746.npy
2747,train/images/conic_02747.png,train/points/conic_02747.npy
2748,train/images/conic_02748.png,train/points/conic_02748.npy
2749,train/images/conic_02749.png,train/points/conic_02749.npy
2750,train/images/conic_02750.png,train/points/conic_02750.npy
2751,train/images/conic_02751.png,train/points/conic_02751.npy
2752,train/images/conic_02752.png,train/points/conic_02752.npy
2753,train/images/conic_02753.png,train/points/conic_02753.npy
2754,train/images/conic_02754.png,train/points/conic_02754.npy
2755,train/images/conic_02755.png,train/points/conic_02755.npy
2756,train/images/conic_02756.png,train/points/conic_02756.npy
2757,train/images/conic_02757.png,train/points/conic_02757.npy
2758,train/images/conic_02758.png,train/points/conic_02758.npy
2760,train/images/conic_02760.png,train/points/conic_02760.npy
2761,train/images/conic_02761.png,train/points/conic_02761.npy
2762,train/images/conic_02762.png,train/points/conic_02762.npy
2763,train/images/conic_02763.png,train/points/conic_02763.npy
2764,train/images/conic_02764.png,train/points/conic_02764.npy
2765,train/images/conic_02765.png,train/points/conic_02765.npy
2766,train/images/conic_02766.png,train/points/conic_02766.npy
2767,train/images/conic_02767.png,train/points/conic_02767.npy
2768,train/images/conic_02768.png,train/points/conic_02768.npy
2769,train/images/conic_02769.png,train/points/conic_02769.npy
2770,train/images/conic_02770.png,train/points/conic_02770.npy
2773,train/images/conic_02773.png,train/points/conic_02773.npy
2774,train/images/conic_02774.png,train/points/conic_02774.npy
2775,train/images/conic_02775.png,train/points/conic_02775.npy
2776,train/images/conic_02776.png,train/points/conic_02776.npy
2777,train/images/conic_02777.png,train/points/conic_02777.npy
2778,train/images/conic_02778.png,train/points/conic_02778.npy
2779,train/images/conic_02779.png,train/points/conic_02779.npy
2780,train/images/conic_02780.png,train/points/conic_02780.npy
2781,train/images/conic_02781.png,train/points/conic_02781.npy
2782,train/images/conic_02782.png,train/points/conic_02782.npy
2783,train/images/conic_02783.png,train/points/conic_02783.npy
2784,train/images/conic_02784.png,train/points/conic_02784.npy
2785,train/images/conic_02785.png,train/points/conic_02785.npy
2786,train/images/conic_02786.png,train/points/conic_02786.npy
2787,train/images/conic_02787.png,train/points/conic_02787.npy
2788,train/images/conic_02788.png,train/points/conic_02788.npy
2789,train/images/conic_02789.png,train/points/conic_02789.npy
2790,train/images/conic_02790.png,train/points/conic_02790.npy
2791,train/images/conic_02791.png,train/points/conic_02791.npy
2792,train/images/conic_02792.png,train/points/conic_02792.npy
2793,train/images/conic_02793.png,train/points/conic_02793.npy
2795,train/images/conic_02795.png,train/points/conic_02795.npy
2796,train/images/conic_02796.png,train/points/conic_02796.npy
2798,train/images/conic_02798.png,train/points/conic_02798.npy
2801,train/images/conic_02801.png,train/points/conic_02801.npy
2802,train/images/conic_02802.png,train/points/conic_02802.npy
2803,train/images/conic_02803.png,train/points/conic_02803.npy
2804,train/images/conic_02804.png,train/points/conic_02804.npy
2806,train/images/conic_02806.png,train/points/conic_02806.npy
2807,train/images/conic_02807.png,train/points/conic_02807.npy
2808,train/images/conic_02808.png,train/points/conic_02808.npy
2809,train/images/conic_02809.png,train/points/conic_02809.npy
2810,train/images/conic_02810.png,train/points/conic_02810.npy
2811,train/images/conic_02811.png,train/points/conic_02811.npy
2812,train/images/conic_02812.png,train/points/conic_02812.npy
2813,train/images/conic_02813.png,train/points/conic_02813.npy
2816,train/images/conic_02816.png,train/points/conic_02816.npy
2817,train/images/conic_02817.png,train/points/conic_02817.npy
2818,train/images/conic_02818.png,train/points/conic_02818.npy
2819,train/images/conic_02819.png,train/points/conic_02819.npy
2820,train/images/conic_02820.png,train/points/conic_02820.npy
2821,train/images/conic_02821.png,train/points/conic_02821.npy
2824,train/images/conic_02824.png,train/points/conic_02824.npy
2825,train/images/conic_02825.png,train/points/conic_02825.npy
2827,train/images/conic_02827.png,train/points/conic_02827.npy
2828,train/images/conic_02828.png,train/points/conic_02828.npy
2830,train/images/conic_02830.png,train/points/conic_02830.npy
2831,train/images/conic_02831.png,train/points/conic_02831.npy
2832,train/images/conic_02832.png,train/points/conic_02832.npy
2833,train/images/conic_02833.png,train/points/conic_02833.npy
2834,train/images/conic_02834.png,train/points/conic_02834.npy
2836,train/images/conic_02836.png,train/points/conic_02836.npy
2837,train/images/conic_02837.png,train/points/conic_02837.npy
2838,train/images/conic_02838.png,train/points/conic_02838.npy
2840,train/images/conic_02840.png,train/points/conic_02840.npy
2842,train/images/conic_02842.png,train/points/conic_02842.npy
2843,train/images/conic_02843.png,train/points/conic_02843.npy
2844,train/images/conic_02844.png,train/points/conic_02844.npy
2845,train/images/conic_02845.png,train/points/conic_02845.npy
2846,train/images/conic_02846.png,train/points/conic_02846.npy
2847,train/images/conic_02847.png,train/points/conic_02847.npy
2848,train/images/conic_02848.png,train/points/conic_02848.npy
2850,train/images/conic_02850.png,train/points/conic_02850.npy
2851,train/images/conic_02851.png,train/points/conic_02851.npy
2852,train/images/conic_02852.png,train/points/conic_02852.npy
2854,train/images/conic_02854.png,train/points/conic_02854.npy
2855,train/images/conic_02855.png,train/points/conic_02855.npy
2856,train/images/conic_02856.png,train/points/conic_02856.npy
2857,train/images/conic_02857.png,train/points/conic_02857.npy
2858,train/images/conic_02858.png,train/points/conic_02858.npy
2859,train/images/conic_02859.png,train/points/conic_02859.npy
2860,train/images/conic_02860.png,train/points/conic_02860.npy
2863,train/images/conic_02863.png,train/points/conic_02863.npy
2864,train/images/conic_02864.png,train/points/conic_02864.npy
2865,train/images/conic_02865.png,train/points/conic_02865.npy
2866,train/images/conic_02866.png,train/points/conic_02866.npy
2868,train/images/conic_02868.png,train/points/conic_02868.npy
2869,train/images/conic_02869.png,train/points/conic_02869.npy
2871,train/images/conic_02871.png,train/points/conic_02871.npy
2874,train/images/conic_02874.png,train/points/conic_02874.npy
2875,train/images/conic_02875.png,train/points/conic_02875.npy
2876,train/images/conic_02876.png,train/points/conic_02876.npy
2878,train/images/conic_02878.png,train/points/conic_02878.npy
2880,train/images/conic_02880.png,train/points/conic_02880.npy
2881,train/images/conic_02881.png,train/points/conic_02881.npy
2882,train/images/conic_02882.png,train/points/conic_02882.npy
2883,train/images/conic_02883.png,train/points/conic_02883.npy
2885,train/images/conic_02885.png,train/points/conic_02885.npy
2886,train/images/conic_02886.png,train/points/conic_02886.npy
2888,train/images/conic_02888.png,train/points/conic_02888.npy
2889,train/images/conic_02889.png,train/points/conic_02889.npy
2890,train/images/conic_02890.png,train/points/conic_02890.npy
2891,train/images/conic_02891.png,train/points/conic_02891.npy
2894,train/images/conic_02894.png,train/points/conic_02894.npy
2895,train/images/conic_02895.png,train/points/conic_02895.npy
2896,train/images/conic_02896.png,train/points/conic_02896.npy
2897,train/images/conic_02897.png,train/points/conic_02897.npy
2898,train/images/conic_02898.png,train/points/conic_02898.npy
2899,train/images/conic_02899.png,train/points/conic_02899.npy
2900,train/images/conic_02900.png,train/points/conic_02900.npy
2901,train/images/conic_02901.png,train/points/conic_02901.npy
2902,train/images/conic_02902.png,train/points/conic_02902.npy
2903,train/images/conic_02903.png,train/points/conic_02903.npy
2906,train/images/conic_02906.png,train/points/conic_02906.npy
2907,train/images/conic_02907.png,train/points/conic_02907.npy
2909,train/images/conic_02909.png,train/points/conic_02909.npy
2910,train/images/conic_02910.png,train/points/conic_02910.npy
2911,train/images/conic_02911.png,train/points/conic_02911.npy
2913,train/images/conic_02913.png,train/points/conic_02913.npy
2914,train/images/conic_02914.png,train/points/conic_02914.npy
2915,train/images/conic_02915.png,train/points/conic_02915.npy
2916,train/images/conic_02916.png,train/points/conic_02916.npy
2917,train/images/conic_02917.png,train/points/conic_02917.npy
2919,train/images/conic_02919.png,train/points/conic_02919.npy
2920,train/images/conic_02920.png,train/points/conic_02920.npy
2921,train/images/conic_02921.png,train/points/conic_02921.npy
2922,train/images/conic_02922.png,train/points/conic_02922.npy
2924,train/images/conic_02924.png,train/points/conic_02924.npy
2925,train/images/conic_02925.png,train/points/conic_02925.npy
2927,train/images/conic_02927.png,train/points/conic_02927.npy
2928,train/images/conic_02928.png,train/points/conic_02928.npy
2930,train/images/conic_02930.png,train/points/conic_02930.npy
2931,train/images/conic_02931.png,train/points/conic_02931.npy
2932,train/images/conic_02932.png,train/points/conic_02932.npy
2935,train/images/conic_02935.png,train/points/conic_02935.npy
2936,train/images/conic_02936.png,train/points/conic_02936.npy
2937,train/images/conic_02937.png,train/points/conic_02937.npy
2938,train/images/conic_02938.png,train/points/conic_02938.npy
2939,train/images/conic_02939.png,train/points/conic_02939.npy
2940,train/images/conic_02940.png,train/points/conic_02940.npy
2941,train/images/conic_02941.png,train/points/conic_02941.npy
2942,train/images/conic_02942.png,train/points/conic_02942.npy
2943,train/images/conic_02943.png,train/points/conic_02943.npy
2944,train/images/conic_02944.png,train/points/conic_02944.npy
2945,train/images/conic_02945.png,train/points/conic_02945.npy
2947,train/images/conic_02947.png,train/points/conic_02947.npy
2949,train/images/conic_02949.png,train/points/conic_02949.npy
2951,train/images/conic_02951.png,train/points/conic_02951.npy
2952,train/images/conic_02952.png,train/points/conic_02952.npy
2953,train/images/conic_02953.png,train/points/conic_02953.npy
2955,train/images/conic_02955.png,train/points/conic_02955.npy
2956,train/images/conic_02956.png,train/points/conic_02956.npy
2957,train/images/conic_02957.png,train/points/conic_02957.npy
2958,train/images/conic_02958.png,train/points/conic_02958.npy
2959,train/images/conic_02959.png,train/points/conic_02959.npy
2960,train/images/conic_02960.png,train/points/conic_02960.npy
2962,train/images/conic_02962.png,train/points/conic_02962.npy
2963,train/images/conic_02963.png,train/points/conic_02963.npy
2964,train/images/conic_02964.png,train/points/conic_02964.npy
2965,train/images/conic_02965.png,train/points/conic_02965.npy
2966,train/images/conic_02966.png,train/points/conic_02966.npy
2967,train/images/conic_02967.png,train/points/conic_02967.npy
2969,train/images/conic_02969.png,train/points/conic_02969.npy
2970,train/images/conic_02970.png,train/points/conic_02970.npy
2971,train/images/conic_02971.png,train/points/conic_02971.npy
2972,train/images/conic_02972.png,train/points/conic_02972.npy
2973,train/images/conic_02973.png,train/points/conic_02973.npy
2974,train/images/conic_02974.png,train/points/conic_02974.npy
2975,train/images/conic_02975.png,train/points/conic_02975.npy
2976,train/images/conic_02976.png,train/points/conic_02976.npy
2977,train/images/conic_02977.png,train/points/conic_02977.npy
2978,train/images/conic_02978.png,train/points/conic_02978.npy
2979,train/images/conic_02979.png,train/points/conic_02979.npy
2980,train/images/conic_02980.png,train/points/conic_02980.npy
2981,train/images/conic_02981.png,train/points/conic_02981.npy
2982,train/images/conic_02982.png,train/points/conic_02982.npy
2983,train/images/conic_02983.png,train/points/conic_02983.npy
2987,train/images/conic_02987.png,train/points/conic_02987.npy
2988,train/images/conic_02988.png,train/points/conic_02988.npy
2990,train/images/conic_02990.png,train/points/conic_02990.npy
2991,train/images/conic_02991.png,train/points/conic_02991.npy
2993,train/images/conic_02993.png,train/points/conic_02993.npy
2994,train/images/conic_02994.png,train/points/conic_02994.npy
2995,train/images/conic_02995.png,train/points/conic_02995.npy
2996,train/images/conic_02996.png,train/points/conic_02996.npy
2998,train/images/conic_02998.png,train/points/conic_02998.npy
2999,train/images/conic_02999.png,train/points/conic_02999.npy
3001,train/images/conic_03001.png,train/points/conic_03001.npy
3002,train/images/conic_03002.png,train/points/conic_03002.npy
3005,train/images/conic_03005.png,train/points/conic_03005.npy
3006,train/images/conic_03006.png,train/points/conic_03006.npy
3007,train/images/conic_03007.png,train/points/conic_03007.npy
3010,train/images/conic_03010.png,train/points/conic_03010.npy
3011,train/images/conic_03011.png,train/points/conic_03011.npy
3013,train/images/conic_03013.png,train/points/conic_03013.npy
3014,train/images/conic_03014.png,train/points/conic_03014.npy
3015,train/images/conic_03015.png,train/points/conic_03015.npy
3016,train/images/conic_03016.png,train/points/conic_03016.npy
3018,train/images/conic_03018.png,train/points/conic_03018.npy
3020,train/images/conic_03020.png,train/points/conic_03020.npy
3021,train/images/conic_03021.png,train/points/conic_03021.npy
3023,train/images/conic_03023.png,train/points/conic_03023.npy
3024,train/images/conic_03024.png,train/points/conic_03024.npy
3025,train/images/conic_03025.png,train/points/conic_03025.npy
3026,train/images/conic_03026.png,train/points/conic_03026.npy
3027,train/images/conic_03027.png,train/points/conic_03027.npy
3029,train/images/conic_03029.png,train/points/conic_03029.npy
3032,train/images/conic_03032.png,train/points/conic_03032.npy
3034,train/images/conic_03034.png,train/points/conic_03034.npy
3035,train/images/conic_03035.png,train/points/conic_03035.npy
3036,train/images/conic_03036.png,train/points/conic_03036.npy
3038,train/images/conic_03038.png,train/points/conic_03038.npy
3039,train/images/conic_03039.png,train/points/conic_03039.npy
3040,train/images/conic_03040.png,train/points/conic_03040.npy
3041,train/images/conic_03041.png,train/points/conic_03041.npy
3042,train/images/conic_03042.png,train/points/conic_03042.npy
3043,train/images/conic_03043.png,train/points/conic_03043.npy
3044,train/images/conic_03044.png,train/points/conic_03044.npy
3045,train/images/conic_03045.png,train/points/conic_03045.npy
3047,train/images/conic_03047.png,train/points/conic_03047.npy
3048,train/images/conic_03048.png,train/points/conic_03048.npy
3049,train/images/conic_03049.png,train/points/conic_03049.npy
3050,train/images/conic_03050.png,train/points/conic_03050.npy
3052,train/images/conic_03052.png,train/points/conic_03052.npy
3054,train/images/conic_03054.png,train/points/conic_03054.npy
3056,train/images/conic_03056.png,train/points/conic_03056.npy
3057,train/images/conic_03057.png,train/points/conic_03057.npy
3058,train/images/conic_03058.png,train/points/conic_03058.npy
3059,train/images/conic_03059.png,train/points/conic_03059.npy
3061,train/images/conic_03061.png,train/points/conic_03061.npy
3062,train/images/conic_03062.png,train/points/conic_03062.npy
3063,train/images/conic_03063.png,train/points/conic_03063.npy
3065,train/images/conic_03065.png,train/points/conic_03065.npy
3066,train/images/conic_03066.png,train/points/conic_03066.npy
3067,train/images/conic_03067.png,train/points/conic_03067.npy
3068,train/images/conic_03068.png,train/points/conic_03068.npy
3071,train/images/conic_03071.png,train/points/conic_03071.npy
3073,train/images/conic_03073.png,train/points/conic_03073.npy
3074,train/images/conic_03074.png,train/points/conic_03074.npy
3075,train/images/conic_03075.png,train/points/conic_03075.npy
3076,train/images/conic_03076.png,train/points/conic_03076.npy
3078,train/images/conic_03078.png,train/points/conic_03078.npy
3079,train/images/conic_03079.png,train/points/conic_03079.npy
3081,train/images/conic_03081.png,train/points/conic_03081.npy
3083,train/images/conic_03083.png,train/points/conic_03083.npy
3084,train/images/conic_03084.png,train/points/conic_03084.npy
3085,train/images/conic_03085.png,train/points/conic_03085.npy
3086,train/images/conic_03086.png,train/points/conic_03086.npy
3087,train/images/conic_03087.png,train/points/conic_03087.npy
3088,train/images/conic_03088.png,train/points/conic_03088.npy
3089,train/images/conic_03089.png,train/points/conic_03089.npy
3090,train/images/conic_03090.png,train/points/conic_03090.npy
3091,train/images/conic_03091.png,train/points/conic_03091.npy
3092,train/images/conic_03092.png,train/points/conic_03092.npy
3094,train/images/conic_03094.png,train/points/conic_03094.npy
3096,train/images/conic_03096.png,train/points/conic_03096.npy
3097,train/images/conic_03097.png,train/points/conic_03097.npy
3098,train/images/conic_03098.png,train/points/conic_03098.npy
3100,train/images/conic_03100.png,train/points/conic_03100.npy
3101,train/images/conic_03101.png,train/points/conic_03101.npy
3102,train/images/conic_03102.png,train/points/conic_03102.npy
3104,train/images/conic_03104.png,train/points/conic_03104.npy
3105,train/images/conic_03105.png,train/points/conic_03105.npy
3108,train/images/conic_03108.png,train/points/conic_03108.npy
3109,train/images/conic_03109.png,train/points/conic_03109.npy
3110,train/images/conic_03110.png,train/points/conic_03110.npy
3111,train/images/conic_03111.png,train/points/conic_03111.npy
3112,train/images/conic_03112.png,train/points/conic_03112.npy
3113,train/images/conic_03113.png,train/points/conic_03113.npy
3114,train/images/conic_03114.png,train/points/conic_03114.npy
3115,train/images/conic_03115.png,train/points/conic_03115.npy
3116,train/images/conic_03116.png,train/points/conic_03116.npy
3117,train/images/conic_03117.png,train/points/conic_03117.npy
3119,train/images/conic_03119.png,train/points/conic_03119.npy
3120,train/images/conic_03120.png,train/points/conic_03120.npy
3121,train/images/conic_03121.png,train/points/conic_03121.npy
3122,train/images/conic_03122.png,train/points/conic_03122.npy
3123,train/images/conic_03123.png,train/points/conic_03123.npy
3124,train/images/conic_03124.png,train/points/conic_03124.npy
3125,train/images/conic_03125.png,train/points/conic_03125.npy
3126,train/images/conic_03126.png,train/points/conic_03126.npy
3127,train/images/conic_03127.png,train/points/conic_03127.npy
3128,train/images/conic_03128.png,train/points/conic_03128.npy
3129,train/images/conic_03129.png,train/points/conic_03129.npy
3130,train/images/conic_03130.png,train/points/conic_03130.npy
3132,train/images/conic_03132.png,train/points/conic_03132.npy
3133,train/images/conic_03133.png,train/points/conic_03133.npy
3134,train/images/conic_03134.png,train/points/conic_03134.npy
3136,train/images/conic_03136.png,train/points/conic_03136.npy
3137,train/images/conic_03137.png,train/points/conic_03137.npy
3138,train/images/conic_03138.png,train/points/conic_03138.npy
3139,train/images/conic_03139.png,train/points/conic_03139.npy
3140,train/images/conic_03140.png,train/points/conic_03140.npy
3142,train/images/conic_03142.png,train/points/conic_03142.npy
3143,train/images/conic_03143.png,train/points/conic_03143.npy
3145,train/images/conic_03145.png,train/points/conic_03145.npy
3146,train/images/conic_03146.png,train/points/conic_03146.npy
3147,train/images/conic_03147.png,train/points/conic_03147.npy
3149,train/images/conic_03149.png,train/points/conic_03149.npy
3151,train/images/conic_03151.png,train/points/conic_03151.npy
3152,train/images/conic_03152.png,train/points/conic_03152.npy
3154,train/images/conic_03154.png,train/points/conic_03154.npy
3155,train/images/conic_03155.png,train/points/conic_03155.npy
3157,train/images/conic_03157.png,train/points/conic_03157.npy
3158,train/images/conic_03158.png,train/points/conic_03158.npy
3159,train/images/conic_03159.png,train/points/conic_03159.npy
3161,train/images/conic_03161.png,train/points/conic_03161.npy
3163,train/images/conic_03163.png,train/points/conic_03163.npy
3164,train/images/conic_03164.png,train/points/conic_03164.npy
3165,train/images/conic_03165.png,train/points/conic_03165.npy
3167,train/images/conic_03167.png,train/points/conic_03167.npy
3168,train/images/conic_03168.png,train/points/conic_03168.npy
3169,train/images/conic_03169.png,train/points/conic_03169.npy
3170,train/images/conic_03170.png,train/points/conic_03170.npy
3171,train/images/conic_03171.png,train/points/conic_03171.npy
3172,train/images/conic_03172.png,train/points/conic_03172.npy
3173,train/images/conic_03173.png,train/points/conic_03173.npy
3174,train/images/conic_03174.png,train/points/conic_03174.npy
3175,train/images/conic_03175.png,train/points/conic_03175.npy
3176,train/images/conic_03176.png,train/points/conic_03176.npy
3177,train/images/conic_03177.png,train/points/conic_03177.npy
3178,train/images/conic_03178.png,train/points/conic_03178.npy
3179,train/images/conic_03179.png,train/points/conic_03179.npy
3181,train/images/conic_03181.png,train/points/conic_03181.npy
3182,train/images/conic_03182.png,train/points/conic_03182.npy
3183,train/images/conic_03183.png,train/points/conic_03183.npy
3184,train/images/conic_03184.png,train/points/conic_03184.npy
3185,train/images/conic_03185.png,train/points/conic_03185.npy
3186,train/images/conic_03186.png,train/points/conic_03186.npy
3187,train/images/conic_03187.png,train/points/conic_03187.npy
3189,train/images/conic_03189.png,train/points/conic_03189.npy
3190,train/images/conic_03190.png,train/points/conic_03190.npy
3191,train/images/conic_03191.png,train/points/conic_03191.npy
3192,train/images/conic_03192.png,train/points/conic_03192.npy
3194,train/images/conic_03194.png,train/points/conic_03194.npy
3195,train/images/conic_03195.png,train/points/conic_03195.npy
3196,train/images/conic_03196.png,train/points/conic_03196.npy
3198,train/images/conic_03198.png,train/points/conic_03198.npy
3199,train/images/conic_03199.png,train/points/conic_03199.npy
3200,train/images/conic_03200.png,train/points/conic_03200.npy
3201,train/images/conic_03201.png,train/points/conic_03201.npy
3202,train/images/conic_03202.png,train/points/conic_03202.npy
3203,train/images/conic_03203.png,train/points/conic_03203.npy
3208,train/images/conic_03208.png,train/points/conic_03208.npy
3209,train/images/conic_03209.png,train/points/conic_03209.npy
3210,train/images/conic_03210.png,train/points/conic_03210.npy
3211,train/images/conic_03211.png,train/points/conic_03211.npy
3212,train/images/conic_03212.png,train/points/conic_03212.npy
3213,train/images/conic_03213.png,train/points/conic_03213.npy
3216,train/images/conic_03216.png,train/points/conic_03216.npy
3218,train/images/conic_03218.png,train/points/conic_03218.npy
3219,train/images/conic_03219.png,train/points/conic_03219.npy
3221,train/images/conic_03221.png,train/points/conic_03221.npy
3222,train/images/conic_03222.png,train/points/conic_03222.npy
3223,train/images/conic_03223.png,train/points/conic_03223.npy
3225,train/images/conic_03225.png,train/points/conic_03225.npy
3226,train/images/conic_03226.png,train/points/conic_03226.npy
3227,train/images/conic_03227.png,train/points/conic_03227.npy
3228,train/images/conic_03228.png,train/points/conic_03228.npy
3229,train/images/conic_03229.png,train/points/conic_03229.npy
3230,train/images/conic_03230.png,train/points/conic_03230.npy
3231,train/images/conic_03231.png,train/points/conic_03231.npy
3232,train/images/conic_03232.png,train/points/conic_03232.npy
3233,train/images/conic_03233.png,train/points/conic_03233.npy
3235,train/images/conic_03235.png,train/points/conic_03235.npy
3236,train/images/conic_03236.png,train/points/conic_03236.npy
3238,train/images/conic_03238.png,train/points/conic_03238.npy
3240,train/images/conic_03240.png,train/points/conic_03240.npy
3241,train/images/conic_03241.png,train/points/conic_03241.npy
3242,train/images/conic_03242.png,train/points/conic_03242.npy
3243,train/images/conic_03243.png,train/points/conic_03243.npy
3245,train/images/conic_03245.png,train/points/conic_03245.npy
3246,train/images/conic_03246.png,train/points/conic_03246.npy
3248,train/images/conic_03248.png,train/points/conic_03248.npy
3249,train/images/conic_03249.png,train/points/conic_03249.npy
3252,train/images/conic_03252.png,train/points/conic_03252.npy
3253,train/images/conic_03253.png,train/points/conic_03253.npy
3254,train/images/conic_03254.png,train/points/conic_03254.npy
3256,train/images/conic_03256.png,train/points/conic_03256.npy
3258,train/images/conic_03258.png,train/points/conic_03258.npy
3260,train/images/conic_03260.png,train/points/conic_03260.npy
3261,train/images/conic_03261.png,train/points/conic_03261.npy
3264,train/images/conic_03264.png,train/points/conic_03264.npy
3265,train/images/conic_03265.png,train/points/conic_03265.npy
3266,train/images/conic_03266.png,train/points/conic_03266.npy
3267,train/images/conic_03267.png,train/points/conic_03267.npy
3268,train/images/conic_03268.png,train/points/conic_03268.npy
3269,train/images/conic_03269.png,train/points/conic_03269.npy
3270,train/images/conic_03270.png,train/points/conic_03270.npy
3271,train/images/conic_03271.png,train/points/conic_03271.npy
3272,train/images/conic_03272.png,train/points/conic_03272.npy
3273,train/images/conic_03273.png,train/points/conic_03273.npy
3274,train/images/conic_03274.png,train/points/conic_03274.npy
3275,train/images/conic_03275.png,train/points/conic_03275.npy
3276,train/images/conic_03276.png,train/points/conic_03276.npy
3277,train/images/conic_03277.png,train/points/conic_03277.npy
3278,train/images/conic_03278.png,train/points/conic_03278.npy
3279,train/images/conic_03279.png,train/points/conic_03279.npy
3280,train/images/conic_03280.png,train/points/conic_03280.npy
3282,train/images/conic_03282.png,train/points/conic_03282.npy
3283,train/images/conic_03283.png,train/points/conic_03283.npy
3284,train/images/conic_03284.png,train/points/conic_03284.npy
3285,train/images/conic_03285.png,train/points/conic_03285.npy
3286,train/images/conic_03286.png,train/points/conic_03286.npy
3287,train/images/conic_03287.png,train/points/conic_03287.npy
3290,train/images/conic_03290.png,train/points/conic_03290.npy
3291,train/images/conic_03291.png,train/points/conic_03291.npy
3292,train/images/conic_03292.png,train/points/conic_03292.npy
3293,train/images/conic_03293.png,train/points/conic_03293.npy
3294,train/images/conic_03294.png,train/points/conic_03294.npy
3295,train/images/conic_03295.png,train/points/conic_03295.npy
3296,train/images/conic_03296.png,train/points/conic_03296.npy
3297,train/images/conic_03297.png,train/points/conic_03297.npy
3298,train/images/conic_03298.png,train/points/conic_03298.npy
3299,train/images/conic_03299.png,train/points/conic_03299.npy
3300,train/images/conic_03300.png,train/points/conic_03300.npy
3301,train/images/conic_03301.png,train/points/conic_03301.npy
3302,train/images/conic_03302.png,train/points/conic_03302.npy
3303,train/images/conic_03303.png,train/points/conic_03303.npy
3304,train/images/conic_03304.png,train/points/conic_03304.npy
3305,train/images/conic_03305.png,train/points/conic_03305.npy
3306,train/images/conic_03306.png,train/points/conic_03306.npy
3307,train/images/conic_03307.png,train/points/conic_03307.npy
3309,train/images/conic_03309.png,train/points/conic_03309.npy
3310,train/images/conic_03310.png,train/points/conic_03310.npy
3311,train/images/conic_03311.png,train/points/conic_03311.npy
3312,train/images/conic_03312.png,train/points/conic_03312.npy
3314,train/images/conic_03314.png,train/points/conic_03314.npy
3315,train/images/conic_03315.png,train/points/conic_03315.npy
3316,train/images/conic_03316.png,train/points/conic_03316.npy
3318,train/images/conic_03318.png,train/points/conic_03318.npy
3319,train/images/conic_03319.png,train/points/conic_03319.npy
3320,train/images/conic_03320.png,train/points/conic_03320.npy
3323,train/images/conic_03323.png,train/points/conic_03323.npy
3324,train/images/conic_03324.png,train/points/conic_03324.npy
3325,train/images/conic_03325.png,train/points/conic_03325.npy
3326,train/images/conic_03326.png,train/points/conic_03326.npy
3327,train/images/conic_03327.png,train/points/conic_03327.npy
3328,train/images/conic_03328.png,train/points/conic_03328.npy
3329,train/images/conic_03329.png,train/points/conic_03329.npy
3330,train/images/conic_03330.png,train/points/conic_03330.npy
3332,train/images/conic_03332.png,train/points/conic_03332.npy
3333,train/images/conic_03333.png,train/points/conic_03333.npy
3334,train/images/conic_03334.png,train/points/conic_03334.npy
3335,train/images/conic_03335.png,train/points/conic_03335.npy
3336,train/images/conic_03336.png,train/points/conic_03336.npy
3337,train/images/conic_03337.png,train/points/conic_03337.npy
3338,train/images/conic_03338.png,train/points/conic_03338.npy
3339,train/images/conic_03339.png,train/points/conic_03339.npy
3340,train/images/conic_03340.png,train/points/conic_03340.npy
3341,train/images/conic_03341.png,train/points/conic_03341.npy
3342,train/images/conic_03342.png,train/points/conic_03342.npy
3343,train/images/conic_03343.png,train/points/conic_03343.npy
3344,train/images/conic_03344.png,train/points/conic_03344.npy
3345,train/images/conic_03345.png,train/points/conic_03345.npy
3346,train/images/conic_03346.png,train/points/conic_03346.npy
3347,train/images/conic_03347.png,train/points/conic_03347.npy
3348,train/images/conic_03348.png,train/points/conic_03348.npy
3349,train/images/conic_03349.png,train/points/conic_03349.npy
3352,train/images/conic_03352.png,train/points/conic_03352.npy
3354,train/images/conic_03354.png,train/points/conic_03354.npy
3355,train/images/conic_03355.png,train/points/conic_03355.npy
3357,train/images/conic_03357.png,train/points/conic_03357.npy
3358,train/images/conic_03358.png,train/points/conic_03358.npy
3361,train/images/conic_03361.png,train/points/conic_03361.npy
3362,train/images/conic_03362.png,train/points/conic_03362.npy
3363,train/images/conic_03363.png,train/points/conic_03363.npy
3364,train/images/conic_03364.png,train/points/conic_03364.npy
3365,train/images/conic_03365.png,train/points/conic_03365.npy
3366,train/images/conic_03366.png,train/points/conic_03366.npy
3367,train/images/conic_03367.png,train/points/conic_03367.npy
3368,train/images/conic_03368.png,train/points/conic_03368.npy
3369,train/images/conic_03369.png,train/points/conic_03369.npy
3370,train/images/conic_03370.png,train/points/conic_03370.npy
3372,train/images/conic_03372.png,train/points/conic_03372.npy
3373,train/images/conic_03373.png,train/points/conic_03373.npy
3374,train/images/conic_03374.png,train/points/conic_03374.npy
3375,train/images/conic_03375.png,train/points/conic_03375.npy
3376,train/images/conic_03376.png,train/points/conic_03376.npy
3377,train/images/conic_03377.png,train/points/conic_03377.npy
3378,train/images/conic_03378.png,train/points/conic_03378.npy
3379,train/images/conic_03379.png,train/points/conic_03379.npy
3380,train/images/conic_03380.png,train/points/conic_03380.npy
3381,train/images/conic_03381.png,train/points/conic_03381.npy
3383,train/images/conic_03383.png,train/points/conic_03383.npy
3384,train/images/conic_03384.png,train/points/conic_03384.npy
3385,train/images/conic_03385.png,train/points/conic_03385.npy
3387,train/images/conic_03387.png,train/points/conic_03387.npy
3388,train/images/conic_03388.png,train/points/conic_03388.npy
3389,train/images/conic_03389.png,train/points/conic_03389.npy
3390,train/images/conic_03390.png,train/points/conic_03390.npy
3391,train/images/conic_03391.png,train/points/conic_03391.npy
3392,train/images/conic_03392.png,train/points/conic_03392.npy
3395,train/images/conic_03395.png,train/points/conic_03395.npy
3396,train/images/conic_03396.png,train/points/conic_03396.npy
3397,train/images/conic_03397.png,train/points/conic_03397.npy
3398,train/images/conic_03398.png,train/points/conic_03398.npy
3399,train/images/conic_03399.png,train/points/conic_03399.npy
3400,train/images/conic_03400.png,train/points/conic_03400.npy
3401,train/images/conic_03401.png,train/points/conic_03401.npy
3402,train/images/conic_03402.png,train/points/conic_03402.npy
3403,train/images/conic_03403.png,train/points/conic_03403.npy
3404,train/images/conic_03404.png,train/points/conic_03404.npy
3405,train/images/conic_03405.png,train/points/conic_03405.npy
3406,train/images/conic_03406.png,train/points/conic_03406.npy
3408,train/images/conic_03408.png,train/points/conic_03408.npy
3409,train/images/conic_03409.png,train/points/conic_03409.npy
3410,train/images/conic_03410.png,train/points/conic_03410.npy
3411,train/images/conic_03411.png,train/points/conic_03411.npy
3413,train/images/conic_03413.png,train/points/conic_03413.npy
3414,train/images/conic_03414.png,train/points/conic_03414.npy
3416,train/images/conic_03416.png,train/points/conic_03416.npy
3417,train/images/conic_03417.png,train/points/conic_03417.npy
3418,train/images/conic_03418.png,train/points/conic_03418.npy
3419,train/images/conic_03419.png,train/points/conic_03419.npy
3420,train/images/conic_03420.png,train/points/conic_03420.npy
3422,train/images/conic_03422.png,train/points/conic_03422.npy
3424,train/images/conic_03424.png,train/points/conic_03424.npy
3425,train/images/conic_03425.png,train/points/conic_03425.npy
3429,train/images/conic_03429.png,train/points/conic_03429.npy
3430,train/images/conic_03430.png,train/points/conic_03430.npy
3431,train/images/conic_03431.png,train/points/conic_03431.npy
3432,train/images/conic_03432.png,train/points/conic_03432.npy
3433,train/images/conic_03433.png,train/points/conic_03433.npy
3434,train/images/conic_03434.png,train/points/conic_03434.npy
3435,train/images/conic_03435.png,train/points/conic_03435.npy
3436,train/images/conic_03436.png,train/points/conic_03436.npy
3437,train/images/conic_03437.png,train/points/conic_03437.npy
3438,train/images/conic_03438.png,train/points/conic_03438.npy
3439,train/images/conic_03439.png,train/points/conic_03439.npy
3440,train/images/conic_03440.png,train/points/conic_03440.npy
3441,train/images/conic_03441.png,train/points/conic_03441.npy
3443,train/images/conic_03443.png,train/points/conic_03443.npy
3444,train/images/conic_03444.png,train/points/conic_03444.npy
3445,train/images/conic_03445.png,train/points/conic_03445.npy
3446,train/images/conic_03446.png,train/points/conic_03446.npy
3450,train/images/conic_03450.png,train/points/conic_03450.npy
3451,train/images/conic_03451.png,train/points/conic_03451.npy
3452,train/images/conic_03452.png,train/points/conic_03452.npy
3453,train/images/conic_03453.png,train/points/conic_03453.npy
3455,train/images/conic_03455.png,train/points/conic_03455.npy
3456,train/images/conic_03456.png,train/points/conic_03456.npy
3457,train/images/conic_03457.png,train/points/conic_03457.npy
3458,train/images/conic_03458.png,train/points/conic_03458.npy
3459,train/images/conic_03459.png,train/points/conic_03459.npy
3460,train/images/conic_03460.png,train/points/conic_03460.npy
3461,train/images/conic_03461.png,train/points/conic_03461.npy
3462,train/images/conic_03462.png,train/points/conic_03462.npy
3463,train/images/conic_03463.png,train/points/conic_03463.npy
3464,train/images/conic_03464.png,train/points/conic_03464.npy
3465,train/images/conic_03465.png,train/points/conic_03465.npy
3466,train/images/conic_03466.png,train/points/conic_03466.npy
3467,train/images/conic_03467.png,train/points/conic_03467.npy
3468,train/images/conic_03468.png,train/points/conic_03468.npy
3469,train/images/conic_03469.png,train/points/conic_03469.npy
3470,train/images/conic_03470.png,train/points/conic_03470.npy
3471,train/images/conic_03471.png,train/points/conic_03471.npy
3472,train/images/conic_03472.png,train/points/conic_03472.npy
3473,train/images/conic_03473.png,train/points/conic_03473.npy
3474,train/images/conic_03474.png,train/points/conic_03474.npy
3475,train/images/conic_03475.png,train/points/conic_03475.npy
3476,train/images/conic_03476.png,train/points/conic_03476.npy
3477,train/images/conic_03477.png,train/points/conic_03477.npy
3478,train/images/conic_03478.png,train/points/conic_03478.npy
3479,train/images/conic_03479.png,train/points/conic_03479.npy
3481,train/images/conic_03481.png,train/points/conic_03481.npy
3482,train/images/conic_03482.png,train/points/conic_03482.npy
3484,train/images/conic_03484.png,train/points/conic_03484.npy
3485,train/images/conic_03485.png,train/points/conic_03485.npy
3486,train/images/conic_03486.png,train/points/conic_03486.npy
3488,train/images/conic_03488.png,train/points/conic_03488.npy
3490,train/images/conic_03490.png,train/points/conic_03490.npy
3491,train/images/conic_03491.png,train/points/conic_03491.npy
3492,train/images/conic_03492.png,train/points/conic_03492.npy
3493,train/images/conic_03493.png,train/points/conic_03493.npy
3495,train/images/conic_03495.png,train/points/conic_03495.npy
3496,train/images/conic_03496.png,train/points/conic_03496.npy
3497,train/images/conic_03497.png,train/points/conic_03497.npy
3498,train/images/conic_03498.png,train/points/conic_03498.npy
3499,train/images/conic_03499.png,train/points/conic_03499.npy
3500,train/images/conic_03500.png,train/points/conic_03500.npy
3502,train/images/conic_03502.png,train/points/conic_03502.npy
3503,train/images/conic_03503.png,train/points/conic_03503.npy
3504,train/images/conic_03504.png,train/points/conic_03504.npy
3505,train/images/conic_03505.png,train/points/conic_03505.npy
3506,train/images/conic_03506.png,train/points/conic_03506.npy
3507,train/images/conic_03507.png,train/points/conic_03507.npy
3508,train/images/conic_03508.png,train/points/conic_03508.npy
3509,train/images/conic_03509.png,train/points/conic_03509.npy
3510,train/images/conic_03510.png,train/points/conic_03510.npy
3511,train/images/conic_03511.png,train/points/conic_03511.npy
3512,train/images/conic_03512.png,train/points/conic_03512.npy
3515,train/images/conic_03515.png,train/points/conic_03515.npy
3516,train/images/conic_03516.png,train/points/conic_03516.npy
3517,train/images/conic_03517.png,train/points/conic_03517.npy
3518,train/images/conic_03518.png,train/points/conic_03518.npy
3519,train/images/conic_03519.png,train/points/conic_03519.npy
3520,train/images/conic_03520.png,train/points/conic_03520.npy
3521,train/images/conic_03521.png,train/points/conic_03521.npy
3523,train/images/conic_03523.png,train/points/conic_03523.npy
3527,train/images/conic_03527.png,train/points/conic_03527.npy
3528,train/images/conic_03528.png,train/points/conic_03528.npy
3529,train/images/conic_03529.png,train/points/conic_03529.npy
3530,train/images/conic_03530.png,train/points/conic_03530.npy
3531,train/images/conic_03531.png,train/points/conic_03531.npy
3532,train/images/conic_03532.png,train/points/conic_03532.npy
3533,train/images/conic_03533.png,train/points/conic_03533.npy
3534,train/images/conic_03534.png,train/points/conic_03534.npy
3535,train/images/conic_03535.png,train/points/conic_03535.npy
3536,train/images/conic_03536.png,train/points/conic_03536.npy
3538,train/images/conic_03538.png,train/points/conic_03538.npy
3539,train/images/conic_03539.png,train/points/conic_03539.npy
3540,train/images/conic_03540.png,train/points/conic_03540.npy
3541,train/images/conic_03541.png,train/points/conic_03541.npy
3542,train/images/conic_03542.png,train/points/conic_03542.npy
3543,train/images/conic_03543.png,train/points/conic_03543.npy
3544,train/images/conic_03544.png,train/points/conic_03544.npy
3545,train/images/conic_03545.png,train/points/conic_03545.npy
3546,train/images/conic_03546.png,train/points/conic_03546.npy
3547,train/images/conic_03547.png,train/points/conic_03547.npy
3548,train/images/conic_03548.png,train/points/conic_03548.npy
3549,train/images/conic_03549.png,train/points/conic_03549.npy
3550,train/images/conic_03550.png,train/points/conic_03550.npy
3551,train/images/conic_03551.png,train/points/conic_03551.npy
3552,train/images/conic_03552.png,train/points/conic_03552.npy
3553,train/images/conic_03553.png,train/points/conic_03553.npy
3554,train/images/conic_03554.png,train/points/conic_03554.npy
3557,train/images/conic_03557.png,train/points/conic_03557.npy
3558,train/images/conic_03558.png,train/points/conic_03558.npy
3559,train/images/conic_03559.png,train/points/conic_03559.npy
3560,train/images/conic_03560.png,train/points/conic_03560.npy
3561,train/images/conic_03561.png,train/points/conic_03561.npy
3562,train/images/conic_03562.png,train/points/conic_03562.npy
3563,train/images/conic_03563.png,train/points/conic_03563.npy
3564,train/images/conic_03564.png,train/points/conic_03564.npy
3565,train/images/conic_03565.png,train/points/conic_03565.npy
3566,train/images/conic_03566.png,train/points/conic_03566.npy
3567,train/images/conic_03567.png,train/points/conic_03567.npy
3568,train/images/conic_03568.png,train/points/conic_03568.npy
3569,train/images/conic_03569.png,train/points/conic_03569.npy
3570,train/images/conic_03570.png,train/points/conic_03570.npy
3571,train/images/conic_03571.png,train/points/conic_03571.npy
3572,train/images/conic_03572.png,train/points/conic_03572.npy
3573,train/images/conic_03573.png,train/points/conic_03573.npy
3574,train/images/conic_03574.png,train/points/conic_03574.npy
3577,train/images/conic_03577.png,train/points/conic_03577.npy
3578,train/images/conic_03578.png,train/points/conic_03578.npy
3579,train/images/conic_03579.png,train/points/conic_03579.npy
3580,train/images/conic_03580.png,train/points/conic_03580.npy
3581,train/images/conic_03581.png,train/points/conic_03581.npy
3583,train/images/conic_03583.png,train/points/conic_03583.npy
3586,train/images/conic_03586.png,train/points/conic_03586.npy
3587,train/images/conic_03587.png,train/points/conic_03587.npy
3588,train/images/conic_03588.png,train/points/conic_03588.npy
3589,train/images/conic_03589.png,train/points/conic_03589.npy
3590,train/images/conic_03590.png,train/points/conic_03590.npy
3591,train/images/conic_03591.png,train/points/conic_03591.npy
3592,train/images/conic_03592.png,train/points/conic_03592.npy
3593,train/images/conic_03593.png,train/points/conic_03593.npy
3594,train/images/conic_03594.png,train/points/conic_03594.npy
3595,train/images/conic_03595.png,train/points/conic_03595.npy
3596,train/images/conic_03596.png,train/points/conic_03596.npy
3597,train/images/conic_03597.png,train/points/conic_03597.npy
3598,train/images/conic_03598.png,train/points/conic_03598.npy
3599,train/images/conic_03599.png,train/points/conic_03599.npy
3600,train/images/conic_03600.png,train/points/conic_03600.npy
3601,train/images/conic_03601.png,train/points/conic_03601.npy
3602,train/images/conic_03602.png,train/points/conic_03602.npy
3603,train/images/conic_03603.png,train/points/conic_03603.npy
3604,train/images/conic_03604.png,train/points/conic_03604.npy
3606,train/images/conic_03606.png,train/points/conic_03606.npy
3607,train/images/conic_03607.png,train/points/conic_03607.npy
3608,train/images/conic_03608.png,train/points/conic_03608.npy
3610,train/images/conic_03610.png,train/points/conic_03610.npy
3611,train/images/conic_03611.png,train/points/conic_03611.npy
3612,train/images/conic_03612.png,train/points/conic_03612.npy
3614,train/images/conic_03614.png,train/points/conic_03614.npy
3618,train/images/conic_03618.png,train/points/conic_03618.npy
3619,train/images/conic_03619.png,train/points/conic_03619.npy
3620,train/images/conic_03620.png,train/points/conic_03620.npy
3621,train/images/conic_03621.png,train/points/conic_03621.npy
3622,train/images/conic_03622.png,train/points/conic_03622.npy
3625,train/images/conic_03625.png,train/points/conic_03625.npy
3626,train/images/conic_03626.png,train/points/conic_03626.npy
3627,train/images/conic_03627.png,train/points/conic_03627.npy
3628,train/images/conic_03628.png,train/points/conic_03628.npy
3629,train/images/conic_03629.png,train/points/conic_03629.npy
3630,train/images/conic_03630.png,train/points/conic_03630.npy
3631,train/images/conic_03631.png,train/points/conic_03631.npy
3632,train/images/conic_03632.png,train/points/conic_03632.npy
3633,train/images/conic_03633.png,train/points/conic_03633.npy
3634,train/images/conic_03634.png,train/points/conic_03634.npy
3635,train/images/conic_03635.png,train/points/conic_03635.npy
3636,train/images/conic_03636.png,train/points/conic_03636.npy
3637,train/images/conic_03637.png,train/points/conic_03637.npy
3638,train/images/conic_03638.png,train/points/conic_03638.npy
3639,train/images/conic_03639.png,train/points/conic_03639.npy
3640,train/images/conic_03640.png,train/points/conic_03640.npy
3641,train/images/conic_03641.png,train/points/conic_03641.npy
3642,train/images/conic_03642.png,train/points/conic_03642.npy
3643,train/images/conic_03643.png,train/points/conic_03643.npy
3644,train/images/conic_03644.png,train/points/conic_03644.npy
3645,train/images/conic_03645.png,train/points/conic_03645.npy
3646,train/images/conic_03646.png,train/points/conic_03646.npy
3647,train/images/conic_03647.png,train/points/conic_03647.npy
3648,train/images/conic_03648.png,train/points/conic_03648.npy
3650,train/images/conic_03650.png,train/points/conic_03650.npy
3652,train/images/conic_03652.png,train/points/conic_03652.npy
3654,train/images/conic_03654.png,train/points/conic_03654.npy
3658,train/images/conic_03658.png,train/points/conic_03658.npy
3659,train/images/conic_03659.png,train/points/conic_03659.npy
3660,train/images/conic_03660.png,train/points/conic_03660.npy
3661,train/images/conic_03661.png,train/points/conic_03661.npy
3666,train/images/conic_03666.png,train/points/conic_03666.npy
3668,train/images/conic_03668.png,train/points/conic_03668.npy
3671,train/images/conic_03671.png,train/points/conic_03671.npy
3672,train/images/conic_03672.png,train/points/conic_03672.npy
3673,train/images/conic_03673.png,train/points/conic_03673.npy
3675,train/images/conic_03675.png,train/points/conic_03675.npy
3676,train/images/conic_03676.png,train/points/conic_03676.npy
3677,train/images/conic_03677.png,train/points/conic_03677.npy
3678,train/images/conic_03678.png,train/points/conic_03678.npy
3679,train/images/conic_03679.png,train/points/conic_03679.npy
3680,train/images/conic_03680.png,train/points/conic_03680.npy
3681,train/images/conic_03681.png,train/points/conic_03681.npy
3683,train/images/conic_03683.png,train/points/conic_03683.npy
3684,train/images/conic_03684.png,train/points/conic_03684.npy
3685,train/images/conic_03685.png,train/points/conic_03685.npy
3686,train/images/conic_03686.png,train/points/conic_03686.npy
3687,train/images/conic_03687.png,train/points/conic_03687.npy
3688,train/images/conic_03688.png,train/points/conic_03688.npy
3690,train/images/conic_03690.png,train/points/conic_03690.npy
3691,train/images/conic_03691.png,train/points/conic_03691.npy
3692,train/images/conic_03692.png,train/points/conic_03692.npy
3693,train/images/conic_03693.png,train/points/conic_03693.npy
3694,train/images/conic_03694.png,train/points/conic_03694.npy
3696,train/images/conic_03696.png,train/points/conic_03696.npy
3697,train/images/conic_03697.png,train/points/conic_03697.npy
3698,train/images/conic_03698.png,train/points/conic_03698.npy
3699,train/images/conic_03699.png,train/points/conic_03699.npy
3700,train/images/conic_03700.png,train/points/conic_03700.npy
3701,train/images/conic_03701.png,train/points/conic_03701.npy
3703,train/images/conic_03703.png,train/points/conic_03703.npy
3705,train/images/conic_03705.png,train/points/conic_03705.npy
3706,train/images/conic_03706.png,train/points/conic_03706.npy
3707,train/images/conic_03707.png,train/points/conic_03707.npy
3708,train/images/conic_03708.png,train/points/conic_03708.npy
3709,train/images/conic_03709.png,train/points/conic_03709.npy
3711,train/images/conic_03711.png,train/points/conic_03711.npy
3712,train/images/conic_03712.png,train/points/conic_03712.npy
3714,train/images/conic_03714.png,train/points/conic_03714.npy
3715,train/images/conic_03715.png,train/points/conic_03715.npy
3716,train/images/conic_03716.png,train/points/conic_03716.npy
3717,train/images/conic_03717.png,train/points/conic_03717.npy
3718,train/images/conic_03718.png,train/points/conic_03718.npy
3719,train/images/conic_03719.png,train/points/conic_03719.npy
3720,train/images/conic_03720.png,train/points/conic_03720.npy
3721,train/images/conic_03721.png,train/points/conic_03721.npy
3723,train/images/conic_03723.png,train/points/conic_03723.npy
3724,train/images/conic_03724.png,train/points/conic_03724.npy
3725,train/images/conic_03725.png,train/points/conic_03725.npy
3726,train/images/conic_03726.png,train/points/conic_03726.npy
3727,train/images/conic_03727.png,train/points/conic_03727.npy
3728,train/images/conic_03728.png,train/points/conic_03728.npy
3729,train/images/conic_03729.png,train/points/conic_03729.npy
3730,train/images/conic_03730.png,train/points/conic_03730.npy
3731,train/images/conic_03731.png,train/points/conic_03731.npy
3732,train/images/conic_03732.png,train/points/conic_03732.npy
3733,train/images/conic_03733.png,train/points/conic_03733.npy
3734,train/images/conic_03734.png,train/points/conic_03734.npy
3735,train/images/conic_03735.png,train/points/conic_03735.npy
3736,train/images/conic_03736.png,train/points/conic_03736.npy
3737,train/images/conic_03737.png,train/points/conic_03737.npy
3738,train/images/conic_03738.png,train/points/conic_03738.npy
3739,train/images/conic_03739.png,train/points/conic_03739.npy
3741,train/images/conic_03741.png,train/points/conic_03741.npy
3742,train/images/conic_03742.png,train/points/conic_03742.npy
3743,train/images/conic_03743.png,train/points/conic_03743.npy
3744,train/images/conic_03744.png,train/points/conic_03744.npy
3745,train/images/conic_03745.png,train/points/conic_03745.npy
3746,train/images/conic_03746.png,train/points/conic_03746.npy
3747,train/images/conic_03747.png,train/points/conic_03747.npy
3748,train/images/conic_03748.png,train/points/conic_03748.npy
3749,train/images/conic_03749.png,train/points/conic_03749.npy
3751,train/images/conic_03751.png,train/points/conic_03751.npy
3753,train/images/conic_03753.png,train/points/conic_03753.npy
3754,train/images/conic_03754.png,train/points/conic_03754.npy
3755,train/images/conic_03755.png,train/points/conic_03755.npy
3756,train/images/conic_03756.png,train/points/conic_03756.npy
3757,train/images/conic_03757.png,train/points/conic_03757.npy
3758,train/images/conic_03758.png,train/points/conic_03758.npy
3759,train/images/conic_03759.png,train/points/conic_03759.npy
3760,train/images/conic_03760.png,train/points/conic_03760.npy
3763,train/images/conic_03763.png,train/points/conic_03763.npy
3764,train/images/conic_03764.png,train/points/conic_03764.npy
3765,train/images/conic_03765.png,train/points/conic_03765.npy
3766,train/images/conic_03766.png,train/points/conic_03766.npy
3767,train/images/conic_03767.png,train/points/conic_03767.npy
3768,train/images/conic_03768.png,train/points/conic_03768.npy
3769,train/images/conic_03769.png,train/points/conic_03769.npy
3770,train/images/conic_03770.png,train/points/conic_03770.npy
3772,train/images/conic_03772.png,train/points/conic_03772.npy
3773,train/images/conic_03773.png,train/points/conic_03773.npy
3774,train/images/conic_03774.png,train/points/conic_03774.npy
3775,train/images/conic_03775.png,train/points/conic_03775.npy
3776,train/images/conic_03776.png,train/points/conic_03776.npy
3777,train/images/conic_03777.png,train/points/conic_03777.npy
3778,train/images/conic_03778.png,train/points/conic_03778.npy
3779,train/images/conic_03779.png,train/points/conic_03779.npy
3780,train/images/conic_03780.png,train/points/conic_03780.npy
3781,train/images/conic_03781.png,train/points/conic_03781.npy
3782,train/images/conic_03782.png,train/points/conic_03782.npy
3783,train/images/conic_03783.png,train/points/conic_03783.npy
3784,train/images/conic_03784.png,train/points/conic_03784.npy
3785,train/images/conic_03785.png,train/points/conic_03785.npy
3786,train/images/conic_03786.png,train/points/conic_03786.npy
3788,train/images/conic_03788.png,train/points/conic_03788.npy
3789,train/images/conic_03789.png,train/points/conic_03789.npy
3790,train/images/conic_03790.png,train/points/conic_03790.npy
3791,train/images/conic_03791.png,train/points/conic_03791.npy
3793,train/images/conic_03793.png,train/points/conic_03793.npy
3794,train/images/conic_03794.png,train/points/conic_03794.npy
3795,train/images/conic_03795.png,train/points/conic_03795.npy
3796,train/images/conic_03796.png,train/points/conic_03796.npy
3802,train/images/conic_03802.png,train/points/conic_03802.npy
3803,train/images/conic_03803.png,train/points/conic_03803.npy
3805,train/images/conic_03805.png,train/points/conic_03805.npy
3806,train/images/conic_03806.png,train/points/conic_03806.npy
3807,train/images/conic_03807.png,train/points/conic_03807.npy
3808,train/images/conic_03808.png,train/points/conic_03808.npy
3809,train/images/conic_03809.png,train/points/conic_03809.npy
3810,train/images/conic_03810.png,train/points/conic_03810.npy
3812,train/images/conic_03812.png,train/points/conic_03812.npy
3813,train/images/conic_03813.png,train/points/conic_03813.npy
3815,train/images/conic_03815.png,train/points/conic_03815.npy
3816,train/images/conic_03816.png,train/points/conic_03816.npy
3817,train/images/conic_03817.png,train/points/conic_03817.npy
3818,train/images/conic_03818.png,train/points/conic_03818.npy
3819,train/images/conic_03819.png,train/points/conic_03819.npy
3820,train/images/conic_03820.png,train/points/conic_03820.npy
3822,train/images/conic_03822.png,train/points/conic_03822.npy
3824,train/images/conic_03824.png,train/points/conic_03824.npy
3825,train/images/conic_03825.png,train/points/conic_03825.npy
3826,train/images/conic_03826.png,train/points/conic_03826.npy
3827,train/images/conic_03827.png,train/points/conic_03827.npy
3828,train/images/conic_03828.png,train/points/conic_03828.npy
3829,train/images/conic_03829.png,train/points/conic_03829.npy
3830,train/images/conic_03830.png,train/points/conic_03830.npy
3831,train/images/conic_03831.png,train/points/conic_03831.npy
3832,train/images/conic_03832.png,train/points/conic_03832.npy
3834,train/images/conic_03834.png,train/points/conic_03834.npy
3835,train/images/conic_03835.png,train/points/conic_03835.npy
3836,train/images/conic_03836.png,train/points/conic_03836.npy
3839,train/images/conic_03839.png,train/points/conic_03839.npy
3840,train/images/conic_03840.png,train/points/conic_03840.npy
3841,train/images/conic_03841.png,train/points/conic_03841.npy
3842,train/images/conic_03842.png,train/points/conic_03842.npy
3845,train/images/conic_03845.png,train/points/conic_03845.npy
3847,train/images/conic_03847.png,train/points/conic_03847.npy
3848,train/images/conic_03848.png,train/points/conic_03848.npy
3849,train/images/conic_03849.png,train/points/conic_03849.npy
3850,train/images/conic_03850.png,train/points/conic_03850.npy
3851,train/images/conic_03851.png,train/points/conic_03851.npy
3852,train/images/conic_03852.png,train/points/conic_03852.npy
3853,train/images/conic_03853.png,train/points/conic_03853.npy
3854,train/images/conic_03854.png,train/points/conic_03854.npy
3855,train/images/conic_03855.png,train/points/conic_03855.npy
3856,train/images/conic_03856.png,train/points/conic_03856.npy
3857,train/images/conic_03857.png,train/points/conic_03857.npy
3860,train/images/conic_03860.png,train/points/conic_03860.npy
3861,train/images/conic_03861.png,train/points/conic_03861.npy
3862,train/images/conic_03862.png,train/points/conic_03862.npy
3864,train/images/conic_03864.png,train/points/conic_03864.npy
3867,train/images/conic_03867.png,train/points/conic_03867.npy
3868,train/images/conic_03868.png,train/points/conic_03868.npy
3870,train/images/conic_03870.png,train/points/conic_03870.npy
3871,train/images/conic_03871.png,train/points/conic_03871.npy
3872,train/images/conic_03872.png,train/points/conic_03872.npy
3873,train/images/conic_03873.png,train/points/conic_03873.npy
3874,train/images/conic_03874.png,train/points/conic_03874.npy
3876,train/images/conic_03876.png,train/points/conic_03876.npy
3877,train/images/conic_03877.png,train/points/conic_03877.npy
3878,train/images/conic_03878.png,train/points/conic_03878.npy
3879,train/images/conic_03879.png,train/points/conic_03879.npy
3880,train/images/conic_03880.png,train/points/conic_03880.npy
3881,train/images/conic_03881.png,train/points/conic_03881.npy
3882,train/images/conic_03882.png,train/points/conic_03882.npy
3883,train/images/conic_03883.png,train/points/conic_03883.npy
3884,train/images/conic_03884.png,train/points/conic_03884.npy
3885,train/images/conic_03885.png,train/points/conic_03885.npy
3886,train/images/conic_03886.png,train/points/conic_03886.npy
3887,train/images/conic_03887.png,train/points/conic_03887.npy
3888,train/images/conic_03888.png,train/points/conic_03888.npy
3890,train/images/conic_03890.png,train/points/conic_03890.npy
3891,train/images/conic_03891.png,train/points/conic_03891.npy
3892,train/images/conic_03892.png,train/points/conic_03892.npy
3893,train/images/conic_03893.png,train/points/conic_03893.npy
3894,train/images/conic_03894.png,train/points/conic_03894.npy
3896,train/images/conic_03896.png,train/points/conic_03896.npy
3898,train/images/conic_03898.png,train/points/conic_03898.npy
3899,train/images/conic_03899.png,train/points/conic_03899.npy
3900,train/images/conic_03900.png,train/points/conic_03900.npy
3901,train/images/conic_03901.png,train/points/conic_03901.npy
3902,train/images/conic_03902.png,train/points/conic_03902.npy
3903,train/images/conic_03903.png,train/points/conic_03903.npy
3905,train/images/conic_03905.png,train/points/conic_03905.npy
3906,train/images/conic_03906.png,train/points/conic_03906.npy
3907,train/images/conic_03907.png,train/points/conic_03907.npy
3908,train/images/conic_03908.png,train/points/conic_03908.npy
3909,train/images/conic_03909.png,train/points/conic_03909.npy
3910,train/images/conic_03910.png,train/points/conic_03910.npy
3912,train/images/conic_03912.png,train/points/conic_03912.npy
3913,train/images/conic_03913.png,train/points/conic_03913.npy
3915,train/images/conic_03915.png,train/points/conic_03915.npy
3916,train/images/conic_03916.png,train/points/conic_03916.npy
3917,train/images/conic_03917.png,train/points/conic_03917.npy
3918,train/images/conic_03918.png,train/points/conic_03918.npy
3919,train/images/conic_03919.png,train/points/conic_03919.npy
3920,train/images/conic_03920.png,train/points/conic_03920.npy
3921,train/images/conic_03921.png,train/points/conic_03921.npy
3922,train/images/conic_03922.png,train/points/conic_03922.npy
3923,train/images/conic_03923.png,train/points/conic_03923.npy
3924,train/images/conic_03924.png,train/points/conic_03924.npy
3925,train/images/conic_03925.png,train/points/conic_03925.npy
3926,train/images/conic_03926.png,train/points/conic_03926.npy
3927,train/images/conic_03927.png,train/points/conic_03927.npy
3928,train/images/conic_03928.png,train/points/conic_03928.npy
3931,train/images/conic_03931.png,train/points/conic_03931.npy
3932,train/images/conic_03932.png,train/points/conic_03932.npy
3933,train/images/conic_03933.png,train/points/conic_03933.npy
3935,train/images/conic_03935.png,train/points/conic_03935.npy
3936,train/images/conic_03936.png,train/points/conic_03936.npy
3938,train/images/conic_03938.png,train/points/conic_03938.npy
3939,train/images/conic_03939.png,train/points/conic_03939.npy
3940,train/images/conic_03940.png,train/points/conic_03940.npy
3941,train/images/conic_03941.png,train/points/conic_03941.npy
3942,train/images/conic_03942.png,train/points/conic_03942.npy
3943,train/images/conic_03943.png,train/points/conic_03943.npy
3944,train/images/conic_03944.png,train/points/conic_03944.npy
3946,train/images/conic_03946.png,train/points/conic_03946.npy
3947,train/images/conic_03947.png,train/points/conic_03947.npy
3948,train/images/conic_03948.png,train/points/conic_03948.npy
3949,train/images/conic_03949.png,train/points/conic_03949.npy
3950,train/images/conic_03950.png,train/points/conic_03950.npy
3951,train/images/conic_03951.png,train/points/conic_03951.npy
3952,train/images/conic_03952.png,train/points/conic_03952.npy
3953,train/images/conic_03953.png,train/points/conic_03953.npy
3954,train/images/conic_03954.png,train/points/conic_03954.npy
3955,train/images/conic_03955.png,train/points/conic_03955.npy
3956,train/images/conic_03956.png,train/points/conic_03956.npy
3958,train/images/conic_03958.png,train/points/conic_03958.npy
3959,train/images/conic_03959.png,train/points/conic_03959.npy
3960,train/images/conic_03960.png,train/points/conic_03960.npy
3962,train/images/conic_03962.png,train/points/conic_03962.npy
3963,train/images/conic_03963.png,train/points/conic_03963.npy
3964,train/images/conic_03964.png,train/points/conic_03964.npy
3965,train/images/conic_03965.png,train/points/conic_03965.npy
3966,train/images/conic_03966.png,train/points/conic_03966.npy
3967,train/images/conic_03967.png,train/points/conic_03967.npy
3968,train/images/conic_03968.png,train/points/conic_03968.npy
3969,train/images/conic_03969.png,train/points/conic_03969.npy
3970,train/images/conic_03970.png,train/points/conic_03970.npy
3971,train/images/conic_03971.png,train/points/conic_03971.npy
3972,train/images/conic_03972.png,train/points/conic_03972.npy
3973,train/images/conic_03973.png,train/points/conic_03973.npy
3974,train/images/conic_03974.png,train/points/conic_03974.npy
3975,train/images/conic_03975.png,train/points/conic_03975.npy
3976,train/images/conic_03976.png,train/points/conic_03976.npy
3977,train/images/conic_03977.png,train/points/conic_03977.npy
3978,train/images/conic_03978.png,train/points/conic_03978.npy
3979,train/images/conic_03979.png,train/points/conic_03979.npy
3981,train/images/conic_03981.png,train/points/conic_03981.npy
3984,train/images/conic_03984.png,train/points/conic_03984.npy
3985,train/images/conic_03985.png,train/points/conic_03985.npy
3986,train/images/conic_03986.png,train/points/conic_03986.npy
3987,train/images/conic_03987.png,train/points/conic_03987.npy
3988,train/images/conic_03988.png,train/points/conic_03988.npy
3989,train/images/conic_03989.png,train/points/conic_03989.npy
3990,train/images/conic_03990.png,train/points/conic_03990.npy
3992,train/images/conic_03992.png,train/points/conic_03992.npy
3993,train/images/conic_03993.png,train/points/conic_03993.npy
3994,train/images/conic_03994.png,train/points/conic_03994.npy
3995,train/images/conic_03995.png,train/points/conic_03995.npy
3996,train/images/conic_03996.png,train/points/conic_03996.npy
3997,train/images/conic_03997.png,train/points/conic_03997.npy
3998,train/images/conic_03998.png,train/points/conic_03998.npy
3999,train/images/conic_03999.png,train/points/conic_03999.npy
4002,train/images/conic_04002.png,train/points/conic_04002.npy
4003,train/images/conic_04003.png,train/points/conic_04003.npy
4004,train/images/conic_04004.png,train/points/conic_04004.npy
4005,train/images/conic_04005.png,train/points/conic_04005.npy
4006,train/images/conic_04006.png,train/points/conic_04006.npy
4007,train/images/conic_04007.png,train/points/conic_04007.npy
4009,train/images/conic_04009.png,train/points/conic_04009.npy
4010,train/images/conic_04010.png,train/points/conic_04010.npy
4011,train/images/conic_04011.png,train/points/conic_04011.npy
4012,train/images/conic_04012.png,train/points/conic_04012.npy
4013,train/images/conic_04013.png,train/points/conic_04013.npy
4014,train/images/conic_04014.png,train/points/conic_04014.npy
4015,train/images/conic_04015.png,train/points/conic_04015.npy
4016,train/images/conic_04016.png,train/points/conic_04016.npy
4017,train/images/conic_04017.png,train/points/conic_04017.npy
4018,train/images/conic_04018.png,train/points/conic_04018.npy
4019,train/images/conic_04019.png,train/points/conic_04019.npy
4020,train/images/conic_04020.png,train/points/conic_04020.npy
4021,train/images/conic_04021.png,train/points/conic_04021.npy
4022,train/images/conic_04022.png,train/points/conic_04022.npy
4023,train/images/conic_04023.png,train/points/conic_04023.npy
4024,train/images/conic_04024.png,train/points/conic_04024.npy
4025,train/images/conic_04025.png,train/points/conic_04025.npy
4026,train/images/conic_04026.png,train/points/conic_04026.npy
4027,train/images/conic_04027.png,train/points/conic_04027.npy
4028,train/images/conic_04028.png,train/points/conic_04028.npy
4029,train/images/conic_04029.png,train/points/conic_04029.npy
4031,train/images/conic_04031.png,train/points/conic_04031.npy
4032,train/images/conic_04032.png,train/points/conic_04032.npy
4033,train/images/conic_04033.png,train/points/conic_04033.npy
4034,train/images/conic_04034.png,train/points/conic_04034.npy
4035,train/images/conic_04035.png,train/points/conic_04035.npy
4036,train/images/conic_04036.png,train/points/conic_04036.npy
4037,train/images/conic_04037.png,train/points/conic_04037.npy
4038,train/images/conic_04038.png,train/points/conic_04038.npy
4039,train/images/conic_04039.png,train/points/conic_04039.npy
4040,train/images/conic_04040.png,train/points/conic_04040.npy
4042,train/images/conic_04042.png,train/points/conic_04042.npy
4043,train/images/conic_04043.png,train/points/conic_04043.npy
4044,train/images/conic_04044.png,train/points/conic_04044.npy
4045,train/images/conic_04045.png,train/points/conic_04045.npy
4046,train/images/conic_04046.png,train/points/conic_04046.npy
4047,train/images/conic_04047.png,train/points/conic_04047.npy
4048,train/images/conic_04048.png,train/points/conic_04048.npy
4049,train/images/conic_04049.png,train/points/conic_04049.npy
4050,train/images/conic_04050.png,train/points/conic_04050.npy
4051,train/images/conic_04051.png,train/points/conic_04051.npy
4052,train/images/conic_04052.png,train/points/conic_04052.npy
4053,train/images/conic_04053.png,train/points/conic_04053.npy
4054,train/images/conic_04054.png,train/points/conic_04054.npy
4055,train/images/conic_04055.png,train/points/conic_04055.npy
4056,train/images/conic_04056.png,train/points/conic_04056.npy
4057,train/images/conic_04057.png,train/points/conic_04057.npy
4058,train/images/conic_04058.png,train/points/conic_04058.npy
4059,train/images/conic_04059.png,train/points/conic_04059.npy
4060,train/images/conic_04060.png,train/points/conic_04060.npy
4061,train/images/conic_04061.png,train/points/conic_04061.npy
4062,train/images/conic_04062.png,train/points/conic_04062.npy
4063,train/images/conic_04063.png,train/points/conic_04063.npy
4064,train/images/conic_04064.png,train/points/conic_04064.npy
4066,train/images/conic_04066.png,train/points/conic_04066.npy
4067,train/images/conic_04067.png,train/points/conic_04067.npy
4068,train/images/conic_04068.png,train/points/conic_04068.npy
4069,train/images/conic_04069.png,train/points/conic_04069.npy
4070,train/images/conic_04070.png,train/points/conic_04070.npy
4072,train/images/conic_04072.png,train/points/conic_04072.npy
4074,train/images/conic_04074.png,train/points/conic_04074.npy
4075,train/images/conic_04075.png,train/points/conic_04075.npy
4076,train/images/conic_04076.png,train/points/conic_04076.npy
4078,train/images/conic_04078.png,train/points/conic_04078.npy
4079,train/images/conic_04079.png,train/points/conic_04079.npy
4080,train/images/conic_04080.png,train/points/conic_04080.npy
4082,train/images/conic_04082.png,train/points/conic_04082.npy
4083,train/images/conic_04083.png,train/points/conic_04083.npy
4084,train/images/conic_04084.png,train/points/conic_04084.npy
4085,train/images/conic_04085.png,train/points/conic_04085.npy
4088,train/images/conic_04088.png,train/points/conic_04088.npy
4089,train/images/conic_04089.png,train/points/conic_04089.npy
4090,train/images/conic_04090.png,train/points/conic_04090.npy
4091,train/images/conic_04091.png,train/points/conic_04091.npy
4092,train/images/conic_04092.png,train/points/conic_04092.npy
4094,train/images/conic_04094.png,train/points/conic_04094.npy
4095,train/images/conic_04095.png,train/points/conic_04095.npy
4096,train/images/conic_04096.png,train/points/conic_04096.npy
4097,train/images/conic_04097.png,train/points/conic_04097.npy
4098,train/images/conic_04098.png,train/points/conic_04098.npy
4099,train/images/conic_04099.png,train/points/conic_04099.npy
4100,train/images/conic_04100.png,train/points/conic_04100.npy
4101,train/images/conic_04101.png,train/points/conic_04101.npy
4104,train/images/conic_04104.png,train/points/conic_04104.npy
4105,train/images/conic_04105.png,train/points/conic_04105.npy
4107,train/images/conic_04107.png,train/points/conic_04107.npy
4108,train/images/conic_04108.png,train/points/conic_04108.npy
4109,train/images/conic_04109.png,train/points/conic_04109.npy
4112,train/images/conic_04112.png,train/points/conic_04112.npy
4113,train/images/conic_04113.png,train/points/conic_04113.npy
4114,train/images/conic_04114.png,train/points/conic_04114.npy
4115,train/images/conic_04115.png,train/points/conic_04115.npy
4116,train/images/conic_04116.png,train/points/conic_04116.npy
4118,train/images/conic_04118.png,train/points/conic_04118.npy
4119,train/images/conic_04119.png,train/points/conic_04119.npy
4120,train/images/conic_04120.png,train/points/conic_04120.npy
4121,train/images/conic_04121.png,train/points/conic_04121.npy
4122,train/images/conic_04122.png,train/points/conic_04122.npy
4123,train/images/conic_04123.png,train/points/conic_04123.npy
4124,train/images/conic_04124.png,train/points/conic_04124.npy
4125,train/images/conic_04125.png,train/points/conic_04125.npy
4126,train/images/conic_04126.png,train/points/conic_04126.npy
4127,train/images/conic_04127.png,train/points/conic_04127.npy
4128,train/images/conic_04128.png,train/points/conic_04128.npy
4129,train/images/conic_04129.png,train/points/conic_04129.npy
4130,train/images/conic_04130.png,train/points/conic_04130.npy
4131,train/images/conic_04131.png,train/points/conic_04131.npy
4132,train/images/conic_04132.png,train/points/conic_04132.npy
4133,train/images/conic_04133.png,train/points/conic_04133.npy
4134,train/images/conic_04134.png,train/points/conic_04134.npy
4135,train/images/conic_04135.png,train/points/conic_04135.npy
4136,train/images/conic_04136.png,train/points/conic_04136.npy
4139,train/images/conic_04139.png,train/points/conic_04139.npy
4140,train/images/conic_04140.png,train/points/conic_04140.npy
4141,train/images/conic_04141.png,train/points/conic_04141.npy
4143,train/images/conic_04143.png,train/points/conic_04143.npy
4144,train/images/conic_04144.png,train/points/conic_04144.npy
4147,train/images/conic_04147.png,train/points/conic_04147.npy
4148,train/images/conic_04148.png,train/points/conic_04148.npy
4149,train/images/conic_04149.png,train/points/conic_04149.npy
4150,train/images/conic_04150.png,train/points/conic_04150.npy
4153,train/images/conic_04153.png,train/points/conic_04153.npy
4154,train/images/conic_04154.png,train/points/conic_04154.npy
4155,train/images/conic_04155.png,train/points/conic_04155.npy
4156,train/images/conic_04156.png,train/points/conic_04156.npy
4157,train/images/conic_04157.png,train/points/conic_04157.npy
4158,train/images/conic_04158.png,train/points/conic_04158.npy
4159,train/images/conic_04159.png,train/points/conic_04159.npy
4160,train/images/conic_04160.png,train/points/conic_04160.npy
4162,train/images/conic_04162.png,train/points/conic_04162.npy
4163,train/images/conic_04163.png,train/points/conic_04163.npy
4164,train/images/conic_04164.png,train/points/conic_04164.npy
4166,train/images/conic_04166.png,train/points/conic_04166.npy
4168,train/images/conic_04168.png,train/points/conic_04168.npy
4169,train/images/conic_04169.png,train/points/conic_04169.npy
4170,train/images/conic_04170.png,train/points/conic_04170.npy
4173,train/images/conic_04173.png,train/points/conic_04173.npy
4174,train/images/conic_04174.png,train/points/conic_04174.npy
4176,train/images/conic_04176.png,train/points/conic_04176.npy
4177,train/images/conic_04177.png,train/points/conic_04177.npy
4178,train/images/conic_04178.png,train/points/conic_04178.npy
4179,train/images/conic_04179.png,train/points/conic_04179.npy
4180,train/images/conic_04180.png,train/points/conic_04180.npy
4181,train/images/conic_04181.png,train/points/conic_04181.npy
4182,train/images/conic_04182.png,train/points/conic_04182.npy
4184,train/images/conic_04184.png,train/points/conic_04184.npy
4185,train/images/conic_04185.png,train/points/conic_04185.npy
4186,train/images/conic_04186.png,train/points/conic_04186.npy
4187,train/images/conic_04187.png,train/points/conic_04187.npy
4188,train/images/conic_04188.png,train/points/conic_04188.npy
4189,train/images/conic_04189.png,train/points/conic_04189.npy
4193,train/images/conic_04193.png,train/points/conic_04193.npy
4194,train/images/conic_04194.png,train/points/conic_04194.npy
4195,train/images/conic_04195.png,train/points/conic_04195.npy
4196,train/images/conic_04196.png,train/points/conic_04196.npy
4197,train/images/conic_04197.png,train/points/conic_04197.npy
4200,train/images/conic_04200.png,train/points/conic_04200.npy
4201,train/images/conic_04201.png,train/points/conic_04201.npy
4202,train/images/conic_04202.png,train/points/conic_04202.npy
4203,train/images/conic_04203.png,train/points/conic_04203.npy
4204,train/images/conic_04204.png,train/points/conic_04204.npy
4205,train/images/conic_04205.png,train/points/conic_04205.npy
4206,train/images/conic_04206.png,train/points/conic_04206.npy
4207,train/images/conic_04207.png,train/points/conic_04207.npy
4208,train/images/conic_04208.png,train/points/conic_04208.npy
4209,train/images/conic_04209.png,train/points/conic_04209.npy
4210,train/images/conic_04210.png,train/points/conic_04210.npy
4211,train/images/conic_04211.png,train/points/conic_04211.npy
4212,train/images/conic_04212.png,train/points/conic_04212.npy
4213,train/images/conic_04213.png,train/points/conic_04213.npy
4214,train/images/conic_04214.png,train/points/conic_04214.npy
4215,train/images/conic_04215.png,train/points/conic_04215.npy
4216,train/images/conic_04216.png,train/points/conic_04216.npy
4217,train/images/conic_04217.png,train/points/conic_04217.npy
4218,train/images/conic_04218.png,train/points/conic_04218.npy
4219,train/images/conic_04219.png,train/points/conic_04219.npy
4221,train/images/conic_04221.png,train/points/conic_04221.npy
4222,train/images/conic_04222.png,train/points/conic_04222.npy
4223,train/images/conic_04223.png,train/points/conic_04223.npy
4224,train/images/conic_04224.png,train/points/conic_04224.npy
4225,train/images/conic_04225.png,train/points/conic_04225.npy
4227,train/images/conic_04227.png,train/points/conic_04227.npy
4229,train/images/conic_04229.png,train/points/conic_04229.npy
4230,train/images/conic_04230.png,train/points/conic_04230.npy
4231,train/images/conic_04231.png,train/points/conic_04231.npy
4232,train/images/conic_04232.png,train/points/conic_04232.npy
4235,train/images/conic_04235.png,train/points/conic_04235.npy
4236,train/images/conic_04236.png,train/points/conic_04236.npy
4237,train/images/conic_04237.png,train/points/conic_04237.npy
4239,train/images/conic_04239.png,train/points/conic_04239.npy
4240,train/images/conic_04240.png,train/points/conic_04240.npy
4241,train/images/conic_04241.png,train/points/conic_04241.npy
4242,train/images/conic_04242.png,train/points/conic_04242.npy
4243,train/images/conic_04243.png,train/points/conic_04243.npy
4244,train/images/conic_04244.png,train/points/conic_04244.npy
4245,train/images/conic_04245.png,train/points/conic_04245.npy
4246,train/images/conic_04246.png,train/points/conic_04246.npy
4247,train/images/conic_04247.png,train/points/conic_04247.npy
4248,train/images/conic_04248.png,train/points/conic_04248.npy
4249,train/images/conic_04249.png,train/points/conic_04249.npy
4250,train/images/conic_04250.png,train/points/conic_04250.npy
4251,train/images/conic_04251.png,train/points/conic_04251.npy
4253,train/images/conic_04253.png,train/points/conic_04253.npy
4254,train/images/conic_04254.png,train/points/conic_04254.npy
4257,train/images/conic_04257.png,train/points/conic_04257.npy
4258,train/images/conic_04258.png,train/points/conic_04258.npy
4259,train/images/conic_04259.png,train/points/conic_04259.npy
4262,train/images/conic_04262.png,train/points/conic_04262.npy
4263,train/images/conic_04263.png,train/points/conic_04263.npy
4264,train/images/conic_04264.png,train/points/conic_04264.npy
4265,train/images/conic_04265.png,train/points/conic_04265.npy
4266,train/images/conic_04266.png,train/points/conic_04266.npy
4267,train/images/conic_04267.png,train/points/conic_04267.npy
4268,train/images/conic_04268.png,train/points/conic_04268.npy
4270,train/images/conic_04270.png,train/points/conic_04270.npy
4271,train/images/conic_04271.png,train/points/conic_04271.npy
4272,train/images/conic_04272.png,train/points/conic_04272.npy
4273,train/images/conic_04273.png,train/points/conic_04273.npy
4274,train/images/conic_04274.png,train/points/conic_04274.npy
4277,train/images/conic_04277.png,train/points/conic_04277.npy
4279,train/images/conic_04279.png,train/points/conic_04279.npy
4280,train/images/conic_04280.png,train/points/conic_04280.npy
4281,train/images/conic_04281.png,train/points/conic_04281.npy
4282,train/images/conic_04282.png,train/points/conic_04282.npy
4283,train/images/conic_04283.png,train/points/conic_04283.npy
4284,train/images/conic_04284.png,train/points/conic_04284.npy
4285,train/images/conic_04285.png,train/points/conic_04285.npy
4286,train/images/conic_04286.png,train/points/conic_04286.npy
4288,train/images/conic_04288.png,train/points/conic_04288.npy
4289,train/images/conic_04289.png,train/points/conic_04289.npy
4291,train/images/conic_04291.png,train/points/conic_04291.npy
4293,train/images/conic_04293.png,train/points/conic_04293.npy
4294,train/images/conic_04294.png,train/points/conic_04294.npy
4295,train/images/conic_04295.png,train/points/conic_04295.npy
4296,train/images/conic_04296.png,train/points/conic_04296.npy
4299,train/images/conic_04299.png,train/points/conic_04299.npy
4300,train/images/conic_04300.png,train/points/conic_04300.npy
4301,train/images/conic_04301.png,train/points/conic_04301.npy
4302,train/images/conic_04302.png,train/points/conic_04302.npy
4303,train/images/conic_04303.png,train/points/conic_04303.npy
4305,train/images/conic_04305.png,train/points/conic_04305.npy
4306,train/images/conic_04306.png,train/points/conic_04306.npy
4308,train/images/conic_04308.png,train/points/conic_04308.npy
4309,train/images/conic_04309.png,train/points/conic_04309.npy
4310,train/images/conic_04310.png,train/points/conic_04310.npy
4311,train/images/conic_04311.png,train/points/conic_04311.npy
4312,train/images/conic_04312.png,train/points/conic_04312.npy
4313,train/images/conic_04313.png,train/points/conic_04313.npy
4315,train/images/conic_04315.png,train/points/conic_04315.npy
4317,train/images/conic_04317.png,train/points/conic_04317.npy
4318,train/images/conic_04318.png,train/points/conic_04318.npy
4319,train/images/conic_04319.png,train/points/conic_04319.npy
4320,train/images/conic_04320.png,train/points/conic_04320.npy
4321,train/images/conic_04321.png,train/points/conic_04321.npy
4322,train/images/conic_04322.png,train/points/conic_04322.npy
4323,train/images/conic_04323.png,train/points/conic_04323.npy
4324,train/images/conic_04324.png,train/points/conic_04324.npy
4325,train/images/conic_04325.png,train/points/conic_04325.npy
4326,train/images/conic_04326.png,train/points/conic_04326.npy
4327,train/images/conic_04327.png,train/points/conic_04327.npy
4329,train/images/conic_04329.png,train/points/conic_04329.npy
4330,train/images/conic_04330.png,train/points/conic_04330.npy
4331,train/images/conic_04331.png,train/points/conic_04331.npy
4332,train/images/conic_04332.png,train/points/conic_04332.npy
4333,train/images/conic_04333.png,train/points/conic_04333.npy
4334,train/images/conic_04334.png,train/points/conic_04334.npy
4335,train/images/conic_04335.png,train/points/conic_04335.npy
4336,train/images/conic_04336.png,train/points/conic_04336.npy
4337,train/images/conic_04337.png,train/points/conic_04337.npy
4338,train/images/conic_04338.png,train/points/conic_04338.npy
4339,train/images/conic_04339.png,train/points/conic_04339.npy
4340,train/images/conic_04340.png,train/points/conic_04340.npy
4341,train/images/conic_04341.png,train/points/conic_04341.npy
4342,train/images/conic_04342.png,train/points/conic_04342.npy
4343,train/images/conic_04343.png,train/points/conic_04343.npy
4344,train/images/conic_04344.png,train/points/conic_04344.npy
4345,train/images/conic_04345.png,train/points/conic_04345.npy
4347,train/images/conic_04347.png,train/points/conic_04347.npy
4348,train/images/conic_04348.png,train/points/conic_04348.npy
4349,train/images/conic_04349.png,train/points/conic_04349.npy
4350,train/images/conic_04350.png,train/points/conic_04350.npy
4351,train/images/conic_04351.png,train/points/conic_04351.npy
4352,train/images/conic_04352.png,train/points/conic_04352.npy
4354,train/images/conic_04354.png,train/points/conic_04354.npy
4355,train/images/conic_04355.png,train/points/conic_04355.npy
4356,train/images/conic_04356.png,train/points/conic_04356.npy
4359,train/images/conic_04359.png,train/points/conic_04359.npy
4360,train/images/conic_04360.png,train/points/conic_04360.npy
4361,train/images/conic_04361.png,train/points/conic_04361.npy
4362,train/images/conic_04362.png,train/points/conic_04362.npy
4363,train/images/conic_04363.png,train/points/conic_04363.npy
4364,train/images/conic_04364.png,train/points/conic_04364.npy
4365,train/images/conic_04365.png,train/points/conic_04365.npy
4366,train/images/conic_04366.png,train/points/conic_04366.npy
4368,train/images/conic_04368.png,train/points/conic_04368.npy
4369,train/images/conic_04369.png,train/points/conic_04369.npy
4371,train/images/conic_04371.png,train/points/conic_04371.npy
4372,train/images/conic_04372.png,train/points/conic_04372.npy
4373,train/images/conic_04373.png,train/points/conic_04373.npy
4375,train/images/conic_04375.png,train/points/conic_04375.npy
4377,train/images/conic_04377.png,train/points/conic_04377.npy
4381,train/images/conic_04381.png,train/points/conic_04381.npy
4383,train/images/conic_04383.png,train/points/conic_04383.npy
4384,train/images/conic_04384.png,train/points/conic_04384.npy
4385,train/images/conic_04385.png,train/points/conic_04385.npy
4386,train/images/conic_04386.png,train/points/conic_04386.npy
4390,train/images/conic_04390.png,train/points/conic_04390.npy
4391,train/images/conic_04391.png,train/points/conic_04391.npy
4392,train/images/conic_04392.png,train/points/conic_04392.npy
4393,train/images/conic_04393.png,train/points/conic_04393.npy
4396,train/images/conic_04396.png,train/points/conic_04396.npy
4397,train/images/conic_04397.png,train/points/conic_04397.npy
4398,train/images/conic_04398.png,train/points/conic_04398.npy
4399,train/images/conic_04399.png,train/points/conic_04399.npy
4400,train/images/conic_04400.png,train/points/conic_04400.npy
4401,train/images/conic_04401.png,train/points/conic_04401.npy
4402,train/images/conic_04402.png,train/points/conic_04402.npy
4403,train/images/conic_04403.png,train/points/conic_04403.npy
4404,train/images/conic_04404.png,train/points/conic_04404.npy
4405,train/images/conic_04405.png,train/points/conic_04405.npy
4407,train/images/conic_04407.png,train/points/conic_04407.npy
4409,train/images/conic_04409.png,train/points/conic_04409.npy
4410,train/images/conic_04410.png,train/points/conic_04410.npy
4412,train/images/conic_04412.png,train/points/conic_04412.npy
4413,train/images/conic_04413.png,train/points/conic_04413.npy
4414,train/images/conic_04414.png,train/points/conic_04414.npy
4415,train/images/conic_04415.png,train/points/conic_04415.npy
4416,train/images/conic_04416.png,train/points/conic_04416.npy
4417,train/images/conic_04417.png,train/points/conic_04417.npy
4418,train/images/conic_04418.png,train/points/conic_04418.npy
4419,train/images/conic_04419.png,train/points/conic_04419.npy
4420,train/images/conic_04420.png,train/points/conic_04420.npy
4421,train/images/conic_04421.png,train/points/conic_04421.npy
4422,train/images/conic_04422.png,train/points/conic_04422.npy
4423,train/images/conic_04423.png,train/points/conic_04423.npy
4424,train/images/conic_04424.png,train/points/conic_04424.npy
4425,train/images/conic_04425.png,train/points/conic_04425.npy
4427,train/images/conic_04427.png,train/points/conic_04427.npy
4428,train/images/conic_04428.png,train/points/conic_04428.npy
4429,train/images/conic_04429.png,train/points/conic_04429.npy
4430,train/images/conic_04430.png,train/points/conic_04430.npy
4431,train/images/conic_04431.png,train/points/conic_04431.npy
4432,train/images/conic_04432.png,train/points/conic_04432.npy
4433,train/images/conic_04433.png,train/points/conic_04433.npy
4434,train/images/conic_04434.png,train/points/conic_04434.npy
4435,train/images/conic_04435.png,train/points/conic_04435.npy
4436,train/images/conic_04436.png,train/points/conic_04436.npy
4437,train/images/conic_04437.png,train/points/conic_04437.npy
4438,train/images/conic_04438.png,train/points/conic_04438.npy
4439,train/images/conic_04439.png,train/points/conic_04439.npy
4441,train/images/conic_04441.png,train/points/conic_04441.npy
4442,train/images/conic_04442.png,train/points/conic_04442.npy
4443,train/images/conic_04443.png,train/points/conic_04443.npy
4445,train/images/conic_04445.png,train/points/conic_04445.npy
4446,train/images/conic_04446.png,train/points/conic_04446.npy
4448,train/images/conic_04448.png,train/points/conic_04448.npy
4449,train/images/conic_04449.png,train/points/conic_04449.npy
4450,train/images/conic_04450.png,train/points/conic_04450.npy
4452,train/images/conic_04452.png,train/points/conic_04452.npy
4453,train/images/conic_04453.png,train/points/conic_04453.npy
4454,train/images/conic_04454.png,train/points/conic_04454.npy
4455,train/images/conic_04455.png,train/points/conic_04455.npy
4456,train/images/conic_04456.png,train/points/conic_04456.npy
4457,train/images/conic_04457.png,train/points/conic_04457.npy
4458,train/images/conic_04458.png,train/points/conic_04458.npy
4459,train/images/conic_04459.png,train/points/conic_04459.npy
4460,train/images/conic_04460.png,train/points/conic_04460.npy
4461,train/images/conic_04461.png,train/points/conic_04461.npy
4462,train/images/conic_04462.png,train/points/conic_04462.npy
4463,train/images/conic_04463.png,train/points/conic_04463.npy
4464,train/images/conic_04464.png,train/points/conic_04464.npy
4465,train/images/conic_04465.png,train/points/conic_04465.npy
4467,train/images/conic_04467.png,train/points/conic_04467.npy
4469,train/images/conic_04469.png,train/points/conic_04469.npy
4470,train/images/conic_04470.png,train/points/conic_04470.npy
4471,train/images/conic_04471.png,train/points/conic_04471.npy
4473,train/images/conic_04473.png,train/points/conic_04473.npy
4474,train/images/conic_04474.png,train/points/conic_04474.npy
4476,train/images/conic_04476.png,train/points/conic_04476.npy
4477,train/images/conic_04477.png,train/points/conic_04477.npy
4478,train/images/conic_04478.png,train/points/conic_04478.npy
4479,train/images/conic_04479.png,train/points/conic_04479.npy
4480,train/images/conic_04480.png,train/points/conic_04480.npy
4481,train/images/conic_04481.png,train/points/conic_04481.npy
4482,train/images/conic_04482.png,train/points/conic_04482.npy
4484,train/images/conic_04484.png,train/points/conic_04484.npy
4485,train/images/conic_04485.png,train/points/conic_04485.npy
4486,train/images/conic_04486.png,train/points/conic_04486.npy
4487,train/images/conic_04487.png,train/points/conic_04487.npy
4488,train/images/conic_04488.png,train/points/conic_04488.npy
4489,train/images/conic_04489.png,train/points/conic_04489.npy
4490,train/images/conic_04490.png,train/points/conic_04490.npy
4492,train/images/conic_04492.png,train/points/conic_04492.npy
4493,train/images/conic_04493.png,train/points/conic_04493.npy
4496,train/images/conic_04496.png,train/points/conic_04496.npy
4497,train/images/conic_04497.png,train/points/conic_04497.npy
4498,train/images/conic_04498.png,train/points/conic_04498.npy
4500,train/images/conic_04500.png,train/points/conic_04500.npy
4501,train/images/conic_04501.png,train/points/conic_04501.npy
4502,train/images/conic_04502.png,train/points/conic_04502.npy
4503,train/images/conic_04503.png,train/points/conic_04503.npy
4504,train/images/conic_04504.png,train/points/conic_04504.npy
4505,train/images/conic_04505.png,train/points/conic_04505.npy
4506,train/images/conic_04506.png,train/points/conic_04506.npy
4507,train/images/conic_04507.png,train/points/conic_04507.npy
4508,train/images/conic_04508.png,train/points/conic_04508.npy
4509,train/images/conic_04509.png,train/points/conic_04509.npy
4510,train/images/conic_04510.png,train/points/conic_04510.npy
4512,train/images/conic_04512.png,train/points/conic_04512.npy
4513,train/images/conic_04513.png,train/points/conic_04513.npy
4516,train/images/conic_04516.png,train/points/conic_04516.npy
4517,train/images/conic_04517.png,train/points/conic_04517.npy
4518,train/images/conic_04518.png,train/points/conic_04518.npy
4519,train/images/conic_04519.png,train/points/conic_04519.npy
4520,train/images/conic_04520.png,train/points/conic_04520.npy
4521,train/images/conic_04521.png,train/points/conic_04521.npy
4522,train/images/conic_04522.png,train/points/conic_04522.npy
4523,train/images/conic_04523.png,train/points/conic_04523.npy
4526,train/images/conic_04526.png,train/points/conic_04526.npy
4527,train/images/conic_04527.png,train/points/conic_04527.npy
4529,train/images/conic_04529.png,train/points/conic_04529.npy
4530,train/images/conic_04530.png,train/points/conic_04530.npy
4531,train/images/conic_04531.png,train/points/conic_04531.npy
4532,train/images/conic_04532.png,train/points/conic_04532.npy
4533,train/images/conic_04533.png,train/points/conic_04533.npy
4534,train/images/conic_04534.png,train/points/conic_04534.npy
4535,train/images/conic_04535.png,train/points/conic_04535.npy
4536,train/images/conic_04536.png,train/points/conic_04536.npy
4537,train/images/conic_04537.png,train/points/conic_04537.npy
4538,train/images/conic_04538.png,train/points/conic_04538.npy
4539,train/images/conic_04539.png,train/points/conic_04539.npy
4541,train/images/conic_04541.png,train/points/conic_04541.npy
4542,train/images/conic_04542.png,train/points/conic_04542.npy
4543,train/images/conic_04543.png,train/points/conic_04543.npy
4545,train/images/conic_04545.png,train/points/conic_04545.npy
4547,train/images/conic_04547.png,train/points/conic_04547.npy
4548,train/images/conic_04548.png,train/points/conic_04548.npy
4549,train/images/conic_04549.png,train/points/conic_04549.npy
4550,train/images/conic_04550.png,train/points/conic_04550.npy
4551,train/images/conic_04551.png,train/points/conic_04551.npy
4552,train/images/conic_04552.png,train/points/conic_04552.npy
4553,train/images/conic_04553.png,train/points/conic_04553.npy
4554,train/images/conic_04554.png,train/points/conic_04554.npy
4555,train/images/conic_04555.png,train/points/conic_04555.npy
4556,train/images/conic_04556.png,train/points/conic_04556.npy
4557,train/images/conic_04557.png,train/points/conic_04557.npy
4558,train/images/conic_04558.png,train/points/conic_04558.npy
4561,train/images/conic_04561.png,train/points/conic_04561.npy
4562,train/images/conic_04562.png,train/points/conic_04562.npy
4563,train/images/conic_04563.png,train/points/conic_04563.npy
4564,train/images/conic_04564.png,train/points/conic_04564.npy
4566,train/images/conic_04566.png,train/points/conic_04566.npy
4567,train/images/conic_04567.png,train/points/conic_04567.npy
4568,train/images/conic_04568.png,train/points/conic_04568.npy
4569,train/images/conic_04569.png,train/points/conic_04569.npy
4572,train/images/conic_04572.png,train/points/conic_04572.npy
4573,train/images/conic_04573.png,train/points/conic_04573.npy
4574,train/images/conic_04574.png,train/points/conic_04574.npy
4575,train/images/conic_04575.png,train/points/conic_04575.npy
4576,train/images/conic_04576.png,train/points/conic_04576.npy
4578,train/images/conic_04578.png,train/points/conic_04578.npy
4579,train/images/conic_04579.png,train/points/conic_04579.npy
4580,train/images/conic_04580.png,train/points/conic_04580.npy
4582,train/images/conic_04582.png,train/points/conic_04582.npy
4583,train/images/conic_04583.png,train/points/conic_04583.npy
4584,train/images/conic_04584.png,train/points/conic_04584.npy
4586,train/images/conic_04586.png,train/points/conic_04586.npy
4587,train/images/conic_04587.png,train/points/conic_04587.npy
4589,train/images/conic_04589.png,train/points/conic_04589.npy
4590,train/images/conic_04590.png,train/points/conic_04590.npy
4591,train/images/conic_04591.png,train/points/conic_04591.npy
4592,train/images/conic_04592.png,train/points/conic_04592.npy
4593,train/images/conic_04593.png,train/points/conic_04593.npy
4594,train/images/conic_04594.png,train/points/conic_04594.npy
4595,train/images/conic_04595.png,train/points/conic_04595.npy
4596,train/images/conic_04596.png,train/points/conic_04596.npy
4597,train/images/conic_04597.png,train/points/conic_04597.npy
4598,train/images/conic_04598.png,train/points/conic_04598.npy
4599,train/images/conic_04599.png,train/points/conic_04599.npy
4600,train/images/conic_04600.png,train/points/conic_04600.npy
4601,train/images/conic_04601.png,train/points/conic_04601.npy
4602,train/images/conic_04602.png,train/points/conic_04602.npy
4603,train/images/conic_04603.png,train/points/conic_04603.npy
4604,train/images/conic_04604.png,train/points/conic_04604.npy
4605,train/images/conic_04605.png,train/points/conic_04605.npy
4606,train/images/conic_04606.png,train/points/conic_04606.npy
4607,train/images/conic_04607.png,train/points/conic_04607.npy
4609,train/images/conic_04609.png,train/points/conic_04609.npy
4610,train/images/conic_04610.png,train/points/conic_04610.npy
4611,train/images/conic_04611.png,train/points/conic_04611.npy
4612,train/images/conic_04612.png,train/points/conic_04612.npy
4613,train/images/conic_04613.png,train/points/conic_04613.npy
4614,train/images/conic_04614.png,train/points/conic_04614.npy
4617,train/images/conic_04617.png,train/points/conic_04617.npy
4618,train/images/conic_04618.png,train/points/conic_04618.npy
4619,train/images/conic_04619.png,train/points/conic_04619.npy
4620,train/images/conic_04620.png,train/points/conic_04620.npy
4621,train/images/conic_04621.png,train/points/conic_04621.npy
4622,train/images/conic_04622.png,train/points/conic_04622.npy
4625,train/images/conic_04625.png,train/points/conic_04625.npy
4626,train/images/conic_04626.png,train/points/conic_04626.npy
4627,train/images/conic_04627.png,train/points/conic_04627.npy
4628,train/images/conic_04628.png,train/points/conic_04628.npy
4629,train/images/conic_04629.png,train/points/conic_04629.npy
4630,train/images/conic_04630.png,train/points/conic_04630.npy
4631,train/images/conic_04631.png,train/points/conic_04631.npy
4632,train/images/conic_04632.png,train/points/conic_04632.npy
4635,train/images/conic_04635.png,train/points/conic_04635.npy
4636,train/images/conic_04636.png,train/points/conic_04636.npy
4637,train/images/conic_04637.png,train/points/conic_04637.npy
4638,train/images/conic_04638.png,train/points/conic_04638.npy
4639,train/images/conic_04639.png,train/points/conic_04639.npy
4640,train/images/conic_04640.png,train/points/conic_04640.npy
4641,train/images/conic_04641.png,train/points/conic_04641.npy
4642,train/images/conic_04642.png,train/points/conic_04642.npy
4643,train/images/conic_04643.png,train/points/conic_04643.npy
4644,train/images/conic_04644.png,train/points/conic_04644.npy
4645,train/images/conic_04645.png,train/points/conic_04645.npy
4646,train/images/conic_04646.png,train/points/conic_04646.npy
4647,train/images/conic_04647.png,train/points/conic_04647.npy
4648,train/images/conic_04648.png,train/points/conic_04648.npy
4649,train/images/conic_04649.png,train/points/conic_04649.npy
4650,train/images/conic_04650.png,train/points/conic_04650.npy
4651,train/images/conic_04651.png,train/points/conic_04651.npy
4652,train/images/conic_04652.png,train/points/conic_04652.npy
4653,train/images/conic_04653.png,train/points/conic_04653.npy
4654,train/images/conic_04654.png,train/points/conic_04654.npy
4656,train/images/conic_04656.png,train/points/conic_04656.npy
4657,train/images/conic_04657.png,train/points/conic_04657.npy
4658,train/images/conic_04658.png,train/points/conic_04658.npy
4659,train/images/conic_04659.png,train/points/conic_04659.npy
4660,train/images/conic_04660.png,train/points/conic_04660.npy
4661,train/images/conic_04661.png,train/points/conic_04661.npy
4662,train/images/conic_04662.png,train/points/conic_04662.npy
4663,train/images/conic_04663.png,train/points/conic_04663.npy
4665,train/images/conic_04665.png,train/points/conic_04665.npy
4666,train/images/conic_04666.png,train/points/conic_04666.npy
4667,train/images/conic_04667.png,train/points/conic_04667.npy
4668,train/images/conic_04668.png,train/points/conic_04668.npy
4669,train/images/conic_04669.png,train/points/conic_04669.npy
4670,train/images/conic_04670.png,train/points/conic_04670.npy
4671,train/images/conic_04671.png,train/points/conic_04671.npy
4672,train/images/conic_04672.png,train/points/conic_04672.npy
4673,train/images/conic_04673.png,train/points/conic_04673.npy
4674,train/images/conic_04674.png,train/points/conic_04674.npy
4675,train/images/conic_04675.png,train/points/conic_04675.npy
4676,train/images/conic_04676.png,train/points/conic_04676.npy
4677,train/images/conic_04677.png,train/points/conic_04677.npy
4679,train/images/conic_04679.png,train/points/conic_04679.npy
4680,train/images/conic_04680.png,train/points/conic_04680.npy
4681,train/images/conic_04681.png,train/points/conic_04681.npy
4682,train/images/conic_04682.png,train/points/conic_04682.npy
4683,train/images/conic_04683.png,train/points/conic_04683.npy
4684,train/images/conic_04684.png,train/points/conic_04684.npy
4685,train/images/conic_04685.png,train/points/conic_04685.npy
4686,train/images/conic_04686.png,train/points/conic_04686.npy
4689,train/images/conic_04689.png,train/points/conic_04689.npy
4691,train/images/conic_04691.png,train/points/conic_04691.npy
4693,train/images/conic_04693.png,train/points/conic_04693.npy
4694,train/images/conic_04694.png,train/points/conic_04694.npy
4695,train/images/conic_04695.png,train/points/conic_04695.npy
4696,train/images/conic_04696.png,train/points/conic_04696.npy
4697,train/images/conic_04697.png,train/points/conic_04697.npy
4698,train/images/conic_04698.png,train/points/conic_04698.npy
4699,train/images/conic_04699.png,train/points/conic_04699.npy
4700,train/images/conic_04700.png,train/points/conic_04700.npy
4701,train/images/conic_04701.png,train/points/conic_04701.npy
4702,train/images/conic_04702.png,train/points/conic_04702.npy
4703,train/images/conic_04703.png,train/points/conic_04703.npy
4704,train/images/conic_04704.png,train/points/conic_04704.npy
4705,train/images/conic_04705.png,train/points/conic_04705.npy
4706,train/images/conic_04706.png,train/points/conic_04706.npy
4707,train/images/conic_04707.png,train/points/conic_04707.npy
4710,train/images/conic_04710.png,train/points/conic_04710.npy
4711,train/images/conic_04711.png,train/points/conic_04711.npy
4712,train/images/conic_04712.png,train/points/conic_04712.npy
4713,train/images/conic_04713.png,train/points/conic_04713.npy
4714,train/images/conic_04714.png,train/points/conic_04714.npy
4715,train/images/conic_04715.png,train/points/conic_04715.npy
4717,train/images/conic_04717.png,train/points/conic_04717.npy
4718,train/images/conic_04718.png,train/points/conic_04718.npy
4719,train/images/conic_04719.png,train/points/conic_04719.npy
4720,train/images/conic_04720.png,train/points/conic_04720.npy
4721,train/images/conic_04721.png,train/points/conic_04721.npy
4723,train/images/conic_04723.png,train/points/conic_04723.npy
4724,train/images/conic_04724.png,train/points/conic_04724.npy
4725,train/images/conic_04725.png,train/points/conic_04725.npy
4726,train/images/conic_04726.png,train/points/conic_04726.npy
4727,train/images/conic_04727.png,train/points/conic_04727.npy
4728,train/images/conic_04728.png,train/points/conic_04728.npy
4729,train/images/conic_04729.png,train/points/conic_04729.npy
4730,train/images/conic_04730.png,train/points/conic_04730.npy
4731,train/images/conic_04731.png,train/points/conic_04731.npy
4732,train/images/conic_04732.png,train/points/conic_04732.npy
4733,train/images/conic_04733.png,train/points/conic_04733.npy
4734,train/images/conic_04734.png,train/points/conic_04734.npy
4735,train/images/conic_04735.png,train/points/conic_04735.npy
4737,train/images/conic_04737.png,train/points/conic_04737.npy
4738,train/images/conic_04738.png,train/points/conic_04738.npy
4740,train/images/conic_04740.png,train/points/conic_04740.npy
4741,train/images/conic_04741.png,train/points/conic_04741.npy
4742,train/images/conic_04742.png,train/points/conic_04742.npy
4744,train/images/conic_04744.png,train/points/conic_04744.npy
4745,train/images/conic_04745.png,train/points/conic_04745.npy
4746,train/images/conic_04746.png,train/points/conic_04746.npy
4748,train/images/conic_04748.png,train/points/conic_04748.npy
4749,train/images/conic_04749.png,train/points/conic_04749.npy
4751,train/images/conic_04751.png,train/points/conic_04751.npy
4753,train/images/conic_04753.png,train/points/conic_04753.npy
4754,train/images/conic_04754.png,train/points/conic_04754.npy
4755,train/images/conic_04755.png,train/points/conic_04755.npy
4756,train/images/conic_04756.png,train/points/conic_04756.npy
4757,train/images/conic_04757.png,train/points/conic_04757.npy
4758,train/images/conic_04758.png,train/points/conic_04758.npy
4759,train/images/conic_04759.png,train/points/conic_04759.npy
4760,train/images/conic_04760.png,train/points/conic_04760.npy
4762,train/images/conic_04762.png,train/points/conic_04762.npy
4763,train/images/conic_04763.png,train/points/conic_04763.npy
4765,train/images/conic_04765.png,train/points/conic_04765.npy
4766,train/images/conic_04766.png,train/points/conic_04766.npy
4768,train/images/conic_04768.png,train/points/conic_04768.npy
4769,train/images/conic_04769.png,train/points/conic_04769.npy
4770,train/images/conic_04770.png,train/points/conic_04770.npy
4771,train/images/conic_04771.png,train/points/conic_04771.npy
4772,train/images/conic_04772.png,train/points/conic_04772.npy
4773,train/images/conic_04773.png,train/points/conic_04773.npy
4774,train/images/conic_04774.png,train/points/conic_04774.npy
4776,train/images/conic_04776.png,train/points/conic_04776.npy
4777,train/images/conic_04777.png,train/points/conic_04777.npy
4778,train/images/conic_04778.png,train/points/conic_04778.npy
4780,train/images/conic_04780.png,train/points/conic_04780.npy
4781,train/images/conic_04781.png,train/points/conic_04781.npy
4782,train/images/conic_04782.png,train/points/conic_04782.npy
4783,train/images/conic_04783.png,train/points/conic_04783.npy
4784,train/images/conic_04784.png,train/points/conic_04784.npy
4785,train/images/conic_04785.png,train/points/conic_04785.npy
4786,train/images/conic_04786.png,train/points/conic_04786.npy
4787,train/images/conic_04787.png,train/points/conic_04787.npy
4788,train/images/conic_04788.png,train/points/conic_04788.npy
4789,train/images/conic_04789.png,train/points/conic_04789.npy
4790,train/images/conic_04790.png,train/points/conic_04790.npy
4792,train/images/conic_04792.png,train/points/conic_04792.npy
4793,train/images/conic_04793.png,train/points/conic_04793.npy
4794,train/images/conic_04794.png,train/points/conic_04794.npy
4795,train/images/conic_04795.png,train/points/conic_04795.npy
4796,train/images/conic_04796.png,train/points/conic_04796.npy
4798,train/images/conic_04798.png,train/points/conic_04798.npy
4799,train/images/conic_04799.png,train/points/conic_04799.npy
4800,train/images/conic_04800.png,train/points/conic_04800.npy
4801,train/images/conic_04801.png,train/points/conic_04801.npy
4803,train/images/conic_04803.png,train/points/conic_04803.npy
4804,train/images/conic_04804.png,train/points/conic_04804.npy
4806,train/images/conic_04806.png,train/points/conic_04806.npy
4807,train/images/conic_04807.png,train/points/conic_04807.npy
4808,train/images/conic_04808.png,train/points/conic_04808.npy
4809,train/images/conic_04809.png,train/points/conic_04809.npy
4810,train/images/conic_04810.png,train/points/conic_04810.npy
4811,train/images/conic_04811.png,train/points/conic_04811.npy
4813,train/images/conic_04813.png,train/points/conic_04813.npy
4814,train/images/conic_04814.png,train/points/conic_04814.npy
4815,train/images/conic_04815.png,train/points/conic_04815.npy
4816,train/images/conic_04816.png,train/points/conic_04816.npy
4818,train/images/conic_04818.png,train/points/conic_04818.npy
4819,train/images/conic_04819.png,train/points/conic_04819.npy
4820,train/images/conic_04820.png,train/points/conic_04820.npy
4821,train/images/conic_04821.png,train/points/conic_04821.npy
4822,train/images/conic_04822.png,train/points/conic_04822.npy
4823,train/images/conic_04823.png,train/points/conic_04823.npy
4824,train/images/conic_04824.png,train/points/conic_04824.npy
4825,train/images/conic_04825.png,train/points/conic_04825.npy
4826,train/images/conic_04826.png,train/points/conic_04826.npy
4827,train/images/conic_04827.png,train/points/conic_04827.npy
4828,train/images/conic_04828.png,train/points/conic_04828.npy
4829,train/images/conic_04829.png,train/points/conic_04829.npy
4830,train/images/conic_04830.png,train/points/conic_04830.npy
4831,train/images/conic_04831.png,train/points/conic_04831.npy
4832,train/images/conic_04832.png,train/points/conic_04832.npy
4834,train/images/conic_04834.png,train/points/conic_04834.npy
4835,train/images/conic_04835.png,train/points/conic_04835.npy
4836,train/images/conic_04836.png,train/points/conic_04836.npy
4837,train/images/conic_04837.png,train/points/conic_04837.npy
4839,train/images/conic_04839.png,train/points/conic_04839.npy
4840,train/images/conic_04840.png,train/points/conic_04840.npy
4841,train/images/conic_04841.png,train/points/conic_04841.npy
4842,train/images/conic_04842.png,train/points/conic_04842.npy
4843,train/images/conic_04843.png,train/points/conic_04843.npy
4845,train/images/conic_04845.png,train/points/conic_04845.npy
4846,train/images/conic_04846.png,train/points/conic_04846.npy
4847,train/images/conic_04847.png,train/points/conic_04847.npy
4848,train/images/conic_04848.png,train/points/conic_04848.npy
4849,train/images/conic_04849.png,train/points/conic_04849.npy
4850,train/images/conic_04850.png,train/points/conic_04850.npy
4852,train/images/conic_04852.png,train/points/conic_04852.npy
4854,train/images/conic_04854.png,train/points/conic_04854.npy
4855,train/images/conic_04855.png,train/points/conic_04855.npy
4856,train/images/conic_04856.png,train/points/conic_04856.npy
4857,train/images/conic_04857.png,train/points/conic_04857.npy
4858,train/images/conic_04858.png,train/points/conic_04858.npy
4859,train/images/conic_04859.png,train/points/conic_04859.npy
4860,train/images/conic_04860.png,train/points/conic_04860.npy
4862,train/images/conic_04862.png,train/points/conic_04862.npy
4865,train/images/conic_04865.png,train/points/conic_04865.npy
4867,train/images/conic_04867.png,train/points/conic_04867.npy
4869,train/images/conic_04869.png,train/points/conic_04869.npy
4871,train/images/conic_04871.png,train/points/conic_04871.npy
4872,train/images/conic_04872.png,train/points/conic_04872.npy
4873,train/images/conic_04873.png,train/points/conic_04873.npy
4874,train/images/conic_04874.png,train/points/conic_04874.npy
4875,train/images/conic_04875.png,train/points/conic_04875.npy
4876,train/images/conic_04876.png,train/points/conic_04876.npy
4877,train/images/conic_04877.png,train/points/conic_04877.npy
4878,train/images/conic_04878.png,train/points/conic_04878.npy
4879,train/images/conic_04879.png,train/points/conic_04879.npy
4880,train/images/conic_04880.png,train/points/conic_04880.npy
4881,train/images/conic_04881.png,train/points/conic_04881.npy
4882,train/images/conic_04882.png,train/points/conic_04882.npy
4885,train/images/conic_04885.png,train/points/conic_04885.npy
4886,train/images/conic_04886.png,train/points/conic_04886.npy
4887,train/images/conic_04887.png,train/points/conic_04887.npy
4888,train/images/conic_04888.png,train/points/conic_04888.npy
4889,train/images/conic_04889.png,train/points/conic_04889.npy
4891,train/images/conic_04891.png,train/points/conic_04891.npy
4892,train/images/conic_04892.png,train/points/conic_04892.npy
4893,train/images/conic_04893.png,train/points/conic_04893.npy
4894,train/images/conic_04894.png,train/points/conic_04894.npy
4895,train/images/conic_04895.png,train/points/conic_04895.npy
4896,train/images/conic_04896.png,train/points/conic_04896.npy
4897,train/images/conic_04897.png,train/points/conic_04897.npy
4899,train/images/conic_04899.png,train/points/conic_04899.npy
4901,train/images/conic_04901.png,train/points/conic_04901.npy
4902,train/images/conic_04902.png,train/points/conic_04902.npy
4904,train/images/conic_04904.png,train/points/conic_04904.npy
4905,train/images/conic_04905.png,train/points/conic_04905.npy
4906,train/images/conic_04906.png,train/points/conic_04906.npy
4907,train/images/conic_04907.png,train/points/conic_04907.npy
4908,train/images/conic_04908.png,train/points/conic_04908.npy
4909,train/images/conic_04909.png,train/points/conic_04909.npy
4911,train/images/conic_04911.png,train/points/conic_04911.npy
4912,train/images/conic_04912.png,train/points/conic_04912.npy
4913,train/images/conic_04913.png,train/points/conic_04913.npy
4914,train/images/conic_04914.png,train/points/conic_04914.npy
4915,train/images/conic_04915.png,train/points/conic_04915.npy
4916,train/images/conic_04916.png,train/points/conic_04916.npy
4917,train/images/conic_04917.png,train/points/conic_04917.npy
4918,train/images/conic_04918.png,train/points/conic_04918.npy
4919,train/images/conic_04919.png,train/points/conic_04919.npy
4920,train/images/conic_04920.png,train/points/conic_04920.npy
4921,train/images/conic_04921.png,train/points/conic_04921.npy
4922,train/images/conic_04922.png,train/points/conic_04922.npy
4923,train/images/conic_04923.png,train/points/conic_04923.npy
4925,train/images/conic_04925.png,train/points/conic_04925.npy
4926,train/images/conic_04926.png,train/points/conic_04926.npy
4927,train/images/conic_04927.png,train/points/conic_04927.npy
4928,train/images/conic_04928.png,train/points/conic_04928.npy
4929,train/images/conic_04929.png,train/points/conic_04929.npy
4930,train/images/conic_04930.png,train/points/conic_04930.npy
4931,train/images/conic_04931.png,train/points/conic_04931.npy
4932,train/images/conic_04932.png,train/points/conic_04932.npy
4933,train/images/conic_04933.png,train/points/conic_04933.npy
4935,train/images/conic_04935.png,train/points/conic_04935.npy
4936,train/images/conic_04936.png,train/points/conic_04936.npy
4938,train/images/conic_04938.png,train/points/conic_04938.npy
4939,train/images/conic_04939.png,train/points/conic_04939.npy
4940,train/images/conic_04940.png,train/points/conic_04940.npy
4942,train/images/conic_04942.png,train/points/conic_04942.npy
4943,train/images/conic_04943.png,train/points/conic_04943.npy
4945,train/images/conic_04945.png,train/points/conic_04945.npy
4947,train/images/conic_04947.png,train/points/conic_04947.npy
4948,train/images/conic_04948.png,train/points/conic_04948.npy
4949,train/images/conic_04949.png,train/points/conic_04949.npy
4950,train/images/conic_04950.png,train/points/conic_04950.npy
4951,train/images/conic_04951.png,train/points/conic_04951.npy
4952,train/images/conic_04952.png,train/points/conic_04952.npy
4953,train/images/conic_04953.png,train/points/conic_04953.npy
4954,train/images/conic_04954.png,train/points/conic_04954.npy
4955,train/images/conic_04955.png,train/points/conic_04955.npy
4956,train/images/conic_04956.png,train/points/conic_04956.npy
4957,train/images/conic_04957.png,train/points/conic_04957.npy
4958,train/images/conic_04958.png,train/points/conic_04958.npy
4959,train/images/conic_04959.png,train/points/conic_04959.npy
4960,train/images/conic_04960.png,train/points/conic_04960.npy
4961,train/images/conic_04961.png,train/points/conic_04961.npy
4963,train/images/conic_04963.png,train/points/conic_04963.npy
4964,train/images/conic_04964.png,train/points/conic_04964.npy
4965,train/images/conic_04965.png,train/points/conic_04965.npy
4966,train/images/conic_04966.png,train/points/conic_04966.npy
4967,train/images/conic_04967.png,train/points/conic_04967.npy
4968,train/images/conic_04968.png,train/points/conic_04968.npy
4969,train/images/conic_04969.png,train/points/conic_04969.npy
4970,train/images/conic_04970.png,train/points/conic_04970.npy
4971,train/images/conic_04971.png,train/points/conic_04971.npy
4972,train/images/conic_04972.png,train/points/conic_04972.npy
4974,train/images/conic_04974.png,train/points/conic_04974.npy
4975,train/images/conic_04975.png,train/points/conic_04975.npy
4976,train/images/conic_04976.png,train/points/conic_04976.npy
4977,train/images/conic_04977.png,train/points/conic_04977.npy
4978,train/images/conic_04978.png,train/points/conic_04978.npy
4980,train/images/conic_04980.png,train/points/conic_04980.npy
